code,exchange_short_name,date,open,high,low,close,adjusted_close,volume
0P00007149,TO,2025-06-17,89.2941,89.2941,89.2941,89.2941,89.2941,0
0P0000714D,TO,2025-06-17,37.8672,37.8672,37.8672,37.8672,37.8672,0
0P0000716B,TO,2025-06-17,99.0466,99.0466,99.0466,99.0466,99.0466,0
0P00007173,TO,2025-06-17,105.2318,105.2318,105.2318,105.2318,105.2318,0
0P00007174,TO,2025-06-17,11.6466,11.6466,11.6466,11.6466,11.6466,0
0P000071LQ,TO,2025-06-17,26.0153,26.0153,26.0153,26.0153,26.0153,0
0P000071W8,TO,2025-06-17,144.52,144.52,144.52,144.52,144.52,0
0P0000727K,TO,2025-06-17,61.7481,61.7481,61.7481,61.7481,61.7481,0
0P000072UA,TO,2025-06-17,69.828,69.828,69.828,69.828,69.828,0
0P0000732C,TO,2025-06-17,27.8301,27.8301,27.8301,27.8301,27.8301,0
0P000075GQ,TO,2025-06-17,9.1205,9.1205,9.1205,9.1205,9.1205,0
0P000075NL,TO,2025-06-17,26.502,26.502,26.502,26.502,26.502,0
0P00009XRG,TO,2025-06-17,16.2202,16.2202,16.2202,16.2202,16.2202,0
0P0000IUYO,TO,2025-06-17,37.5116,37.5116,37.5116,37.5116,37.5116,0
0P0000KWKF,TO,2025-06-17,9.1476,9.1476,9.1476,9.1476,9.1476,0
0P0000NA77,TO,2025-06-17,40.013,40.013,40.013,40.013,40.013,0
0P00015CCM,TO,2025-06-17,25.17,25.17,25.17,25.17,25.17,0
0P00016N5D,TO,2025-06-17,14.29,14.29,14.29,14.29,14.29,0
0P00016N6E,TO,2025-06-17,19.57,19.57,19.57,19.57,19.57,0
0P0001FAU5,TO,2025-06-17,17.75,17.75,17.75,17.75,17.75,0
0P0001FAU8,TO,2025-06-17,13.02,13.02,13.02,13.02,13.02,0
0P0001J62O,TO,2025-06-17,14.6447,14.6447,14.6447,14.6447,14.6447,0
0P0001OF6V,TO,2025-06-17,8.8686,8.8686,8.8686,8.8686,8.8686,0
AAB,TO,2025-06-17,0.035,0.035,0.035,0.035,0.035,24000
AAPL,TO,2025-06-17,28.61,28.74,28.29,28.36,28.36,156231
AAPU,TO,2025-06-17,19.06,19.06,18.88,18.88,18.88,400
AAUC,TO,2025-06-17,20.09,20.13,18.88,19.07,19.07,548326
AAV,TO,2025-06-17,12.23,12.58,11.9,12.41,12.41,654696
ABRA,TO,2025-06-17,4.69,4.97,4.66,4.91,4.91,278652
ABX,TO,2025-06-17,29.17,29.29,28.65,29.14,29.14,3825359
AC,TO,2025-06-17,18.77,18.85,18.58,18.64,18.64,4319120
ACB,TO,2025-06-17,8.35,8.42,8.0,8.02,8.02,785074
ACD,TO,2025-06-17,3.54,3.54,3.44,3.45,3.45,4100
ACO-X,TO,2025-06-17,51.76,51.76,51.16,51.47,51.47,158871
ACO-Y,TO,2025-06-17,52.75,54.5,52.75,52.75,52.75,912
ACQ,TO,2025-06-17,21.58,22.0,21.5,21.5,21.5,20292
ACX,TO,2025-06-17,5.11,5.29,5.09,5.2,5.2,77942
AD-UN,TO,2025-06-17,18.75,18.8,18.64,18.71,18.71,36614
ADCO,TO,2025-06-17,0.27,0.27,0.27,0.27,0.27,3500
ADEN,TO,2025-06-17,26.58,26.64,26.34,26.34,26.34,21820
ADN,TO,2025-06-17,17.8,17.88,17.76,17.83,17.83,6683
ADW-A,TO,2025-06-17,4.91,5.0,4.91,4.98,4.98,32756
ADW-B,TO,2025-06-17,6.01,6.01,6.01,6.01,6.01,102
AEG,TO,2025-06-17,0.35,0.36,0.345,0.36,0.36,2015
AEM,TO,2025-06-17,169.37,169.82,167.01,169.09,169.09,526593
AFN,TO,2025-06-17,40.78,41.35,40.78,41.04,41.04,44123
AG,TO,2025-06-17,11.58,11.7,11.29,11.66,11.66,1752950
AGF-B,TO,2025-06-17,12.03,12.17,12.01,12.07,12.07,55088
AGF5036,TO,2025-06-17,71.3524,71.3524,71.3524,71.3524,71.3524,0
AGG,TO,2025-06-17,19.31,19.31,19.31,19.31,19.31,306
AGI,TO,2025-06-17,36.61,36.73,36.08,36.61,36.61,1052877
AI,TO,2025-06-17,11.28,11.32,11.27,11.32,11.32,70264
AIDX,TO,2025-06-17,1.36,1.36,1.31,1.32,1.32,162485
AIF,TO,2025-06-17,52.27,52.77,52.0,52.39,52.39,87795
AIGO,TO,2025-06-17,24.81,24.81,24.81,24.81,24.81,249
AII,TO,2025-06-17,3.14,3.14,3.105,3.11,3.11,289178
AIM,TO,2025-06-17,2.94,2.97,2.87,2.88,2.88,174804
AIM-PA,TO,2025-06-17,17.5,17.5,17.5,17.5,17.5,7325
AIM-PC,TO,2025-06-17,18.6,18.6,18.6,18.6,18.6,0
AKT-A,TO,2025-06-17,2.43,2.45,2.31,2.39,2.39,7819
ALA,TO,2025-06-17,38.39,38.7,38.31,38.68,38.68,425200
ALA-PA,TO,2025-06-17,22.76,22.76,22.76,22.76,22.76,920
ALA-PB,TO,2025-06-17,22.98,23.05,22.98,23.05,23.05,400
ALA-PG,TO,2025-06-17,24.5,24.63,24.5,24.6,24.6,1665
ALC,TO,2025-06-17,16.19,16.23,16.12,16.21,16.21,2265
ALPU,TO,2025-06-17,23.05,23.05,23.02,23.02,23.02,300
ALS,TO,2025-06-17,27.36,27.41,27.04,27.17,27.17,43435
ALYA,TO,2025-06-17,2.35,2.41,2.25,2.3,2.3,72530
AMAX,TO,2025-06-17,25.45,25.46,25.15,25.38,25.38,28652
AMC,TO,2025-06-17,1.27,1.27,1.24,1.27,1.27,163555
AMD,TO,2025-06-17,23.86,24.39,23.63,23.73,23.73,460136
AMDY,TO,2025-06-17,13.66,13.99,13.66,13.75,13.75,7001
AMHE,TO,2025-06-17,13.05,13.07,13.02,13.02,13.02,1647
AMM,TO,2025-06-17,0.2375,0.245,0.2375,0.245,0.245,44950
AMZH,TO,2025-06-17,12.84,12.85,12.81,12.81,12.81,2185
AMZH-U,TO,2025-06-17,12.84,12.84,12.84,12.84,12.84,0
AMZN,TO,2025-06-17,25.3,25.57,25.25,25.3,25.3,138120
AMZU,TO,2025-06-17,22.44,22.44,22.44,22.44,22.44,0
AND,TO,2025-06-17,52.62,52.73,51.94,52.42,52.42,119698
ANRG,TO,2025-06-17,1.42,1.45,1.42,1.45,1.45,48134
AOI,TO,2025-06-17,1.8,1.81,1.78,1.81,1.81,1207503
AOT,TO,2025-06-17,0.09,0.09,0.08,0.085,0.085,1664479
AOV,TO,2025-06-17,6.06,6.16,6.02,6.07,6.07,951769
AP-UN,TO,2025-06-17,17.04,17.04,16.8,16.84,16.84,422755
APLE,TO,2025-06-17,12.06,12.11,12.01,12.02,12.02,25449
APLI,TO,2025-06-17,0.015,0.015,0.01,0.015,0.015,46003
APM,TO,2025-06-17,2.77,2.86,2.76,2.86,2.86,102278
APR-UN,TO,2025-06-17,11.17,11.19,11.06,11.19,11.19,14246
APS,TO,2025-06-17,2.29,2.36,1.73,1.79,1.79,56409
AQN,TO,2025-06-17,7.91,7.91,7.8,7.87,7.87,1391589
AQN-PA,TO,2025-06-17,23.71,23.71,23.71,23.71,23.71,0
AQN-PD,TO,2025-06-17,24.7,24.73,24.67,24.73,24.73,600
ARA,TO,2025-06-17,1.18,1.19,1.11,1.15,1.15,175071
ARB,TO,2025-06-17,27.91,28.0,27.635,27.64,27.64,8414
ARE,TO,2025-06-17,19.5,19.52,19.14,19.2,19.2,197948
ARG,TO,2025-06-17,1.88,1.91,1.87,1.89,1.89,224324
ARIS,TO,2025-06-17,9.48,9.48,9.28,9.34,9.34,506553
ARTI,TO,2025-06-17,12.18,12.18,12.18,12.18,12.18,100
ARX,TO,2025-06-17,30.84,31.56,30.77,31.29,31.29,1818575
ASCU,TO,2025-06-17,2.1,2.1,2.05,2.1,2.1,96795
ASM,TO,2025-06-17,4.97,5.005,4.835,4.98,4.98,666965
ASTL,TO,2025-06-17,8.82,9.32,8.7,9.29,9.29,617890
ATCU,TO,2025-06-17,0.52,0.54,0.52,0.54,0.54,21530
ATD,TO,2025-06-17,72.5,72.95,71.86,72.01,72.01,918320
ATH,TO,2025-06-17,6.08,6.13,6.0,6.07,6.07,2067059
ATMD,TO,2025-06-17,11.21,11.21,11.21,11.21,11.21,0
ATMU,TO,2025-06-17,32.0,32.0,32.0,32.0,32.0,1000
ATRL,TO,2025-06-17,95.25,95.58,93.7,93.73,93.73,424654
ATS,TO,2025-06-17,42.04,42.4,41.66,42.04,42.04,97406
ATSX,TO,2025-06-17,30.43,30.43,30.29,30.29,30.29,301
ATZ,TO,2025-06-17,66.84,67.45,66.13,66.56,66.56,202505
AUMN,TO,2025-06-17,0.245,0.245,0.24,0.24,0.24,1780
AVCN,TO,2025-06-17,0.25,0.25,0.25,0.25,0.25,0
AVGY,TO,2025-06-17,14.4,14.48,14.4,14.48,14.48,956
AVL,TO,2025-06-17,0.03,0.03,0.03,0.03,0.03,35270
AVNT,TO,2025-06-17,0.85,0.85,0.75,0.75,0.75,2590
AW,TO,2025-06-17,36.01,36.3,36.01,36.13,36.13,4300
AX-PE,TO,2025-06-17,21.01,21.09,21.01,21.09,21.09,2200
AX-PI,TO,2025-06-17,20.9,21.15,20.9,21.15,21.15,400
AX-UN,TO,2025-06-17,7.51,7.54,7.48,7.51,7.51,115483
AYA,TO,2025-06-17,13.35,13.46,13.05,13.43,13.43,1113095
BAAA,TO,2025-06-17,20.1,20.1,20.06,20.06,20.06,1000
BABY,TO,2025-06-17,0.02,0.02,0.02,0.02,0.02,0
BAM,TO,2025-06-17,74.12,74.58,73.22,73.69,73.69,854500
BANK,TO,2025-06-17,8.02,8.02,7.94,7.97,7.97,522948
BASE,TO,2025-06-17,21.98,21.98,21.9,21.9,21.9,1525
BASE-B,TO,2025-06-17,23.4,23.4,23.31,23.31,23.31,600
BB,TO,2025-06-17,5.85,6.0,5.815,5.86,5.86,1945956
BBD-A,TO,2025-06-17,105.77,106.49,105.19,106.405,106.405,2717
BBD-B,TO,2025-06-17,106.0,106.54,104.95,106.46,106.46,270713
BBD-PB,TO,2025-06-17,16.7,16.75,16.7,16.75,16.75,500
BBD-PC,TO,2025-06-17,23.0,23.05,23.0,23.0,23.0,1804
BBD-PD,TO,2025-06-17,15.6,15.6,15.51,15.51,15.51,220
BBU-UN,TO,2025-06-17,33.76,34.42,33.76,34.31,34.31,76827
BBUC,TO,2025-06-17,37.86,38.38,37.86,38.33,38.33,15859
BCE,TO,2025-06-17,30.16,30.33,29.91,30.02,30.02,2838264
BCE-PA,TO,2025-06-17,18.3,18.38,18.3,18.38,18.38,2400
BCE-PB,TO,2025-06-17,17.6,17.6,17.6,17.6,17.6,392
BCE-PC,TO,2025-06-17,18.05,18.1,18.05,18.1,18.1,1000
BCE-PD,TO,2025-06-17,17.6,17.74,17.6,17.74,17.74,1500
BCE-PE,TO,2025-06-17,17.85,17.85,17.85,17.85,17.85,1036
BCE-PF,TO,2025-06-17,19.59,19.72,19.59,19.71,19.71,3500
BCE-PG,TO,2025-06-17,17.36,17.36,17.36,17.36,17.36,900
BCE-PH,TO,2025-06-17,17.85,17.85,17.85,17.85,17.85,0
BCE-PI,TO,2025-06-17,17.4,17.4,17.4,17.4,17.4,0
BCE-PJ,TO,2025-06-17,17.79,17.79,17.79,17.79,17.79,0
BCE-PK,TO,2025-06-17,17.25,17.26,17.07,17.07,17.07,12045
BCE-PL,TO,2025-06-17,17.0,17.0,17.0,17.0,17.0,400
BCE-PM,TO,2025-06-17,18.0,18.0,18.0,18.0,18.0,1600
BCE-PN,TO,2025-06-17,17.6,17.6,17.6,17.6,17.6,0
BCE-PQ,TO,2025-06-17,24.25,24.25,24.25,24.25,24.25,0
BCE-PR,TO,2025-06-17,17.55,17.61,17.54,17.56,17.56,3100
BCE-PS,TO,2025-06-17,17.75,17.75,17.75,17.75,17.75,0
BCE-PT,TO,2025-06-17,18.175,18.175,18.14,18.14,18.14,1200
BCE-PY,TO,2025-06-17,17.62,17.62,17.62,17.62,17.62,0
BCE-PZ,TO,2025-06-17,19.27,19.27,19.27,19.27,19.27,400
BCHT,TO,2025-06-17,0.71,0.72,0.71,0.72,0.72,3500
BCT,TO,2025-06-17,4.32,4.36,4.25,4.28,4.28,4102
BDGI,TO,2025-06-17,45.97,46.0,45.67,45.88,45.88,23677
BDI,TO,2025-06-17,9.59,9.7,9.57,9.63,9.63,10872
BDIV,TO,2025-06-17,22.28,22.28,22.28,22.28,22.28,0
BDT,TO,2025-06-17,28.3,28.45,27.385,27.47,27.47,129179
BEI-UN,TO,2025-06-17,68.59,69.33,68.25,69.24,69.24,95365
BEP-PG,TO,2025-06-17,25.1,25.13,25.1,25.13,25.13,2400
BEP-PM,TO,2025-06-17,24.48,24.49,24.39,24.49,24.49,1100
BEP-PR,TO,2025-06-17,20.46,20.46,20.45,20.45,20.45,1500
BEP-UN,TO,2025-06-17,35.89,35.89,35.09,35.32,35.32,159830
BEPC,TO,2025-06-17,43.74,43.83,43.12,43.44,43.44,276231
BEPR,TO,2025-06-17,8.86,8.87,8.86,8.87,8.87,4800
BESG,TO,2025-06-17,15.94,15.94,15.94,15.94,15.94,1480
BFIN,TO,2025-06-17,23.92,23.92,23.92,23.92,23.92,0
BGC,TO,2025-06-17,35.27,35.27,35.27,35.27,35.27,0
BGI-UN,TO,2025-06-17,5.65,5.76,5.53,5.6,5.6,35220
BGIE,TO,2025-06-17,28.98,28.98,28.85,28.97,28.97,2800
BGU,TO,2025-06-17,46.26,46.26,46.23,46.23,46.23,823
BGU-U,TO,2025-06-17,34.11,34.11,34.11,34.11,34.11,0
BHC,TO,2025-06-17,7.99,8.11,7.8,7.8,7.8,372274
BIP-PA,TO,2025-06-17,24.98,24.98,24.97,24.97,24.97,31600
BIP-PB,TO,2025-06-17,25.11,25.15,25.11,25.11,25.11,3600
BIP-PE,TO,2025-06-17,24.86,24.86,24.86,24.86,24.86,200
BIP-PF,TO,2025-06-17,24.9,24.93,24.8,24.8,24.8,10345
BIP-UN,TO,2025-06-17,44.98,45.24,44.59,45.14,45.14,206587
BIPC,TO,2025-06-17,55.86,56.38,55.61,55.8,55.8,199655
BIR,TO,2025-06-17,7.5,7.59,7.38,7.49,7.49,756800
BITF,TO,2025-06-17,1.14,1.14,1.08,1.09,1.09,1071281
BITI,TO,2025-06-17,17.48,17.86,17.48,17.64,17.64,21217
BITI-U,TO,2025-06-17,12.51,12.51,12.51,12.51,12.51,0
BK,TO,2025-06-17,11.72,11.72,11.655,11.655,11.655,121839
BK-PA,TO,2025-06-17,10.4,10.45,10.4,10.45,10.45,14027
BKCC,TO,2025-06-17,14.34,14.4,14.34,14.395,14.395,6010
BKCL,TO,2025-06-17,19.11,19.11,19.06,19.085,19.085,10064
BKI,TO,2025-06-17,0.1,0.1,0.1,0.1,0.1,120570
BLCK,TO,2025-06-17,36.21,36.21,36.21,36.21,36.21,0
BLCO,TO,2025-06-17,16.3,16.52,15.76,15.785,15.785,11193
BLDP,TO,2025-06-17,2.41,2.41,2.12,2.13,2.13,1294382
BLN,TO,2025-06-17,7.17,7.3,7.08,7.08,7.08,31222
BLOV,TO,2025-06-17,23.7,23.7,23.7,23.7,23.7,150
BLX,TO,2025-06-17,32.49,33.13,32.15,32.58,32.58,253401
BMAX,TO,2025-06-17,13.8,13.8,13.72,13.74,13.74,18602
BMO,TO,2025-06-17,144.86,145.335,144.4,144.91,144.91,1286658
BMO-PE,TO,2025-06-17,26.25,26.25,26.11,26.13,26.13,1685
BMO-PY,TO,2025-06-17,25.0,25.0,24.93,24.94,24.94,2700
BN,TO,2025-06-17,79.08,79.53,78.55,79.12,79.12,2244960
BN-PB,TO,2025-06-17,12.29,12.3,12.26,12.3,12.3,1800
BN-PC,TO,2025-06-17,12.3,12.31,12.3,12.31,12.31,400
BN-PFA,TO,2025-06-17,24.0,24.2,24.0,24.08,24.08,1900
BN-PFB,TO,2025-06-17,22.1,22.1,22.1,22.1,22.1,113
BN-PFC,TO,2025-06-17,20.0,20.0,19.8,19.8,19.8,1686
BN-PFD,TO,2025-06-17,20.17,20.17,20.03,20.13,20.13,4000
BN-PFE,TO,2025-06-17,19.82,19.83,19.79,19.79,19.79,1649
BN-PFF,TO,2025-06-17,21.8,21.8,21.8,21.8,21.8,1100
BN-PFG,TO,2025-06-17,21.37,21.4,21.36,21.36,21.36,5300
BN-PFH,TO,2025-06-17,25.0,25.0,24.99,25.0,25.0,900
BN-PFI,TO,2025-06-17,25.02,25.16,25.02,25.1,25.1,1600
BN-PFJ,TO,2025-06-17,24.84,24.84,24.64,24.64,24.64,2605
BN-PFK,TO,2025-06-17,15.41,15.41,15.28,15.28,15.28,1700
BN-PK,TO,2025-06-17,12.4,12.4,12.28,12.28,12.28,4200
BN-PM,TO,2025-06-17,19.58,19.64,19.53,19.53,19.53,1200
BN-PN,TO,2025-06-17,19.47,19.48,19.43,19.43,19.43,600
BN-PR,TO,2025-06-17,18.58,18.76,18.58,18.76,18.76,1050
BN-PT,TO,2025-06-17,18.5,18.52,18.47,18.52,18.52,25445
BN-PX,TO,2025-06-17,17.69,17.76,17.665,17.75,17.75,16541
BN-PZ,TO,2025-06-17,22.79,22.79,22.74,22.74,22.74,25900
BNC,TO,2025-06-17,28.63,28.63,28.5,28.5,28.5,300
BND,TO,2025-06-17,17.74,17.82,17.74,17.805,17.805,9002
BNE,TO,2025-06-17,3.97,3.97,3.78,3.87,3.87,50001
BNG,TO,2025-06-17,0.02,0.02,0.02,0.02,0.02,0
BNK-PA,TO,2025-06-17,10.6,10.6,10.6,10.6,10.6,0
BNKL,TO,2025-06-17,27.48,27.48,27.48,27.48,27.48,100
BNKU,TO,2025-06-17,20.17,20.17,20.17,20.17,20.17,600
BNS,TO,2025-06-17,74.24,74.53,74.03,74.25,74.25,4848990
BNT,TO,2025-06-17,79.37,79.4,78.54,78.64,78.64,14400
BOND,TO,2025-06-17,17.76,17.85,17.76,17.85,17.85,13459
BOND-U,TO,2025-06-17,18.32,18.39,18.32,18.39,18.39,2100
BOS,TO,2025-06-17,4.85,4.85,4.67,4.67,4.67,6603
BPF-UN,TO,2025-06-17,19.41,19.46,19.35,19.46,19.46,15833
BPO-PA,TO,2025-06-17,16.75,16.75,16.75,16.75,16.75,800
BPO-PC,TO,2025-06-17,22.63,22.63,22.63,22.63,22.63,267
BPO-PE,TO,2025-06-17,17.25,17.25,17.24,17.24,17.24,3240
BPO-PG,TO,2025-06-17,17.46,17.5,17.45,17.45,17.45,1589
BPO-PI,TO,2025-06-17,17.43,17.43,17.2,17.25,17.25,3700
BPO-PN,TO,2025-06-17,14.27,14.27,14.26,14.26,14.26,2300
BPO-PP,TO,2025-06-17,13.7,13.87,13.7,13.87,13.87,1214
BPO-PR,TO,2025-06-17,15.01,15.35,15.01,15.35,15.35,2875
BPO-PT,TO,2025-06-17,18.14,18.14,18.1,18.1,18.1,200
BPO-PW,TO,2025-06-17,10.1,10.1,10.1,10.1,10.1,1000
BPO-PX,TO,2025-06-17,10.15,10.15,10.15,10.15,10.15,0
BPO-PY,TO,2025-06-17,10.5,10.5,10.5,10.5,10.5,0
BPRF,TO,2025-06-17,22.65,22.655,22.65,22.655,22.655,500
BPS-PA,TO,2025-06-17,25.4,25.4,25.4,25.4,25.4,0
BPS-PB,TO,2025-06-17,25.1,25.1,25.1,25.1,25.1,0
BPS-PC,TO,2025-06-17,24.99,24.99,24.99,24.99,24.99,0
BPS-PU,TO,2025-06-17,24.9,24.9,24.9,24.9,24.9,0
BPYP-PA,TO,2025-06-17,20.67,20.67,20.67,20.67,20.67,0
BR,TO,2025-06-17,1.08,1.08,1.08,1.08,1.08,100
BRAG,TO,2025-06-17,6.0,6.0,5.78,5.86,5.86,6562
BRE,TO,2025-06-17,14.63,14.87,14.63,14.79,14.79,2149
BRF-PA,TO,2025-06-17,21.08,21.5,21.08,21.1,21.1,2300
BRF-PB,TO,2025-06-17,19.39,19.4,19.29,19.3,19.3,6166
BRF-PC,TO,2025-06-17,23.4,23.5,23.4,23.5,23.5,33400
BRF-PE,TO,2025-06-17,19.5,19.5,19.5,19.5,19.5,1200
BRF-PF,TO,2025-06-17,19.57,19.58,19.47,19.47,19.47,425
BRK,TO,2025-06-17,36.49,36.49,35.97,36.04,36.04,130151
BRMI,TO,2025-06-17,0.91,0.91,0.88,0.88,0.88,16010
BRY,TO,2025-06-17,0.215,0.215,0.215,0.215,0.215,4200
BSX,TO,2025-06-17,0.21,0.21,0.205,0.21,0.21,82200
BTB-UN,TO,2025-06-17,3.67,3.69,3.64,3.64,3.64,79301
BTCC,TO,2025-06-17,19.33,19.34,18.9,19.13,19.13,529348
BTCC-B,TO,2025-06-17,20.22,20.24,19.83,20.11,20.11,478931
BTCC-U,TO,2025-06-17,18.87,18.91,18.52,18.77,18.77,19661
BTCO-B,TO,2025-06-17,19.87,19.87,19.49,19.78,19.78,33313
BTCQ,TO,2025-06-17,22.62,22.63,22.24,22.61,22.61,6340
BTCX-B,TO,2025-06-17,21.08,21.09,20.69,20.98,20.98,267006
BTCX-U,TO,2025-06-17,19.63,19.63,19.25,19.5,19.5,12723
BTCY,TO,2025-06-17,8.83,8.92,8.65,8.92,8.92,92454
BTCY-B,TO,2025-06-17,10.31,10.37,10.2,10.37,10.37,7333
BTCY-U,TO,2025-06-17,8.52,8.6,8.52,8.6,8.6,1000
BTE,TO,2025-06-17,2.77,2.91,2.74,2.88,2.88,8651335
BTO,TO,2025-06-17,5.03,5.04,4.97,5.03,5.03,1956109
BU,TO,2025-06-17,2.7,3.1,2.7,2.96,2.96,57073
BXF,TO,2025-06-17,10.18,10.18,10.18,10.18,10.18,0
BYD,TO,2025-06-17,206.06,206.72,204.27,204.76,204.76,23453
BYL,TO,2025-06-17,0.24,0.24,0.22,0.23,0.23,8055
CACB,TO,2025-06-17,20.01,20.01,20.01,20.01,20.01,201
CAE,TO,2025-06-17,36.49,36.67,36.39,36.47,36.47,858636
CAGG,TO,2025-06-17,44.31,44.31,44.31,44.31,44.31,901
CAGS,TO,2025-06-17,47.65,47.65,47.65,47.65,47.65,0
CALB,TO,2025-06-17,19.35,19.35,19.35,19.35,19.35,0
CALL,TO,2025-06-17,12.12,12.21,12.08,12.12,12.12,11053
CALL-B,TO,2025-06-17,15.83,15.84,15.83,15.84,15.84,1211
CANL,TO,2025-06-17,27.03,27.03,26.96,26.96,26.96,2148
CAPG,TO,2025-06-17,25.91,25.91,25.655,25.67,25.67,5932
CAPI,TO,2025-06-17,26.93,26.95,26.91,26.92,26.92,955
CAPM,TO,2025-06-17,24.855,24.86,24.855,24.86,24.86,10000
CAPW,TO,2025-06-17,24.615,24.62,24.615,24.62,24.62,8000
CAR-UN,TO,2025-06-17,44.05,44.11,43.53,43.75,43.75,285234
CARS,TO,2025-06-17,20.64,20.64,20.29,20.29,20.29,1110
CARS-B,TO,2025-06-17,24.33,24.33,24.33,24.33,24.33,0
CAS,TO,2025-06-17,9.38,9.42,9.05,9.05,9.05,389880
CASH,TO,2025-06-17,50.05,50.06,50.05,50.05,50.05,263615
CBAL,TO,2025-06-17,23.63,23.63,23.63,23.63,23.63,1100
CBCX,TO,2025-06-17,30.48,30.48,30.48,30.48,30.48,0
CBGR,TO,2025-06-17,24.43,24.43,24.43,24.43,24.43,0
CBH,TO,2025-06-17,17.92,17.95,17.92,17.94,17.94,16057
CBIL,TO,2025-06-17,50.05,50.06,50.05,50.06,50.06,51388
CBND,TO,2025-06-17,9.16,9.2,9.16,9.19,9.19,4248
CBNK,TO,2025-06-17,8.68,8.7,8.67,8.67,8.67,4752
CBO,TO,2025-06-17,18.4,18.43,18.4,18.41,18.41,22671
CBUG,TO,2025-06-17,31.34,31.34,31.34,31.34,31.34,0
CCA,TO,2025-06-17,68.47,68.47,67.43,67.7,67.7,21200
CCAD,TO,2025-06-17,50.13,50.13,50.12,50.12,50.12,800
CCBI,TO,2025-06-17,18.05,18.05,18.05,18.05,18.05,5800
CCL-A,TO,2025-06-17,77.9,77.9,77.9,77.9,77.9,0
CCL-B,TO,2025-06-17,77.96,78.37,77.6,77.75,77.75,181282
CCM,TO,2025-06-17,0.38,0.38,0.38,0.38,0.38,3000
CCNS,TO,2025-06-17,18.1,18.1,18.1,18.1,18.1,2500
CCO,TO,2025-06-17,94.44,94.8,93.02,94.51,94.51,935594
CCOM,TO,2025-06-17,19.1,19.1,19.09,19.09,19.09,1193
CCRE,TO,2025-06-17,17.8,17.84,17.8,17.84,17.84,4000
CCS-PC,TO,2025-06-17,21.8,21.8,21.8,21.8,21.8,0
CDEF,TO,2025-06-17,12.25,12.25,12.25,12.25,12.25,900
CDIV,TO,2025-06-17,16.11,16.11,16.02,16.04,16.04,7020
CDLB,TO,2025-06-17,16.55,16.55,16.54,16.54,16.54,1300
CDLB-B,TO,2025-06-17,16.47,16.47,16.47,16.47,16.47,0
CDLB-U,TO,2025-06-17,16.97,16.97,16.97,16.97,16.97,0
CDR,TO,2025-06-17,1.8,1.8,1.76,1.76,1.76,4300
CDZ,TO,2025-06-17,37.18,37.18,36.95,37.04,37.04,18905
CEF,TO,2025-06-17,41.9,42.13,41.74,42.13,42.13,9458
CEF-U,TO,2025-06-17,30.84,30.84,30.84,30.84,30.84,0
CEMI,TO,2025-06-17,20.12,20.14,20.08,20.1,20.1,1166
CEMX,TO,2025-06-17,0.31,0.31,0.3,0.31,0.31,38500
CEU,TO,2025-06-17,6.97,7.04,6.9,6.94,6.94,339956
CEW,TO,2025-06-17,21.84,21.91,21.74,21.8,21.8,20987
CF,TO,2025-06-17,9.57,9.61,9.39,9.42,9.42,103057
CF-PA,TO,2025-06-17,18.69,18.7,18.69,18.7,18.7,600
CF-PC,TO,2025-06-17,23.87,23.9,23.87,23.9,23.9,14570
CFF,TO,2025-06-17,0.33,0.37,0.315,0.315,0.315,16350
CFLX,TO,2025-06-17,16.89,16.9,16.89,16.9,16.9,2400
CFOD,TO,2025-06-17,5.38,5.38,5.38,5.38,5.38,110
CFOU,TO,2025-06-17,34.67,34.67,34.62,34.62,34.62,1400
CFP,TO,2025-06-17,14.1,14.33,13.84,13.84,13.84,130269
CFRT,TO,2025-06-17,20.74,20.74,20.74,20.74,20.74,0
CFW,TO,2025-06-17,3.43,3.49,3.43,3.45,3.45,9703
CFX,TO,2025-06-17,0.73,0.73,0.7,0.7,0.7,2000
CG,TO,2025-06-17,9.69,9.735,9.615,9.7,9.7,550717
CGAA,TO,2025-06-17,27.8,27.8,27.74,27.74,27.74,1390
CGBI,TO,2025-06-17,17.54,17.54,17.54,17.54,17.54,0
CGDV,TO,2025-06-17,23.72,23.72,23.72,23.72,23.72,0
CGG,TO,2025-06-17,12.51,12.51,12.41,12.48,12.48,2426
CGHY,TO,2025-06-17,10.29,10.29,10.29,10.29,10.29,0
CGI,TO,2025-06-17,38.0,38.1,38.0,38.01,38.01,4028
CGIN,TO,2025-06-17,21.06,21.06,21.06,21.06,21.06,0
CGL,TO,2025-06-17,26.52,26.52,26.33,26.4,26.4,85043
CGL-C,TO,2025-06-17,38.8,38.86,38.48,38.81,38.81,13524
CGLO,TO,2025-06-17,29.48,29.48,29.46,29.46,29.46,1254
CGMU,TO,2025-06-17,23.38,23.63,23.38,23.51,23.51,600
CGO,TO,2025-06-17,65.29,65.29,64.01,64.82,64.82,4766
CGR,TO,2025-06-17,30.51,30.51,30.42,30.42,30.42,1800
CGRE,TO,2025-06-17,21.16,21.16,21.16,21.16,21.16,1000
CGX,TO,2025-06-17,11.49,11.55,11.385,11.47,11.47,66584
CGXF,TO,2025-06-17,14.53,14.53,14.39,14.49,14.49,7892
CGY,TO,2025-06-17,47.26,47.26,46.25,46.4,46.4,16012
CHE-UN,TO,2025-06-17,11.05,11.15,11.05,11.15,11.15,105787
CHP-UN,TO,2025-06-17,14.54,14.72,14.46,14.71,14.71,582639
CHPS,TO,2025-06-17,40.65,41.02,40.65,40.87,40.87,2504
CHPS-U,TO,2025-06-17,30.08,30.08,30.08,30.08,30.08,0
CHR,TO,2025-06-17,21.08,21.08,20.64,20.65,20.65,10692
CIA,TO,2025-06-17,3.89,3.9,3.84,3.85,3.85,289500
CIAI,TO,2025-06-17,26.27,26.33,26.27,26.3,26.3,2900
CIBR,TO,2025-06-17,57.49,57.86,57.49,57.86,57.86,907
CIC,TO,2025-06-17,12.46,12.46,12.44,12.44,12.44,1300
CIEI,TO,2025-06-17,26.04,26.1,25.9,25.9,25.9,13128
CIEM,TO,2025-06-17,20.79,20.79,20.79,20.79,20.79,0
CIF,TO,2025-06-17,51.76,52.05,51.76,52.05,52.05,12158
CIGI,TO,2025-06-17,173.93,174.01,172.2,173.59,173.59,28496
CINF,TO,2025-06-17,28.86,28.86,28.83,28.83,28.83,1190
CINT,TO,2025-06-17,23.33,23.33,23.33,23.33,23.33,0
CIQ-UN,TO,2025-06-17,7.0,7.0,7.0,7.0,7.0,0
CIU-PA,TO,2025-06-17,19.57,19.57,19.4,19.4,19.4,4600
CIU-PC,TO,2025-06-17,15.41,15.41,15.41,15.41,15.41,0
CIX,TO,2025-06-17,31.57,31.58,31.53,31.58,31.58,188727
CJ,TO,2025-06-17,6.96,7.09,6.94,7.06,7.06,1059622
CJR-B,TO,2025-06-17,0.1,0.105,0.1,0.1,0.1,10590
CJT,TO,2025-06-17,95.27,95.74,93.97,94.65,94.65,69975
CKI,TO,2025-06-17,22.51,22.51,22.51,22.51,22.51,0
CLF,TO,2025-06-17,17.51,17.51,17.49,17.5,17.5,2846
CLG,TO,2025-06-17,17.3,17.32,17.3,17.32,17.32,9779
CLML,TO,2025-06-17,35.7,35.7,35.69,35.69,35.69,2600
CLP-UN,TO,2025-06-17,6.5,6.5,6.5,6.5,6.5,0
CLS,TO,2025-06-17,173.91,183.27,173.91,180.61,180.61,690771
CLSA,TO,2025-06-17,10.8,10.8,10.74,10.74,10.74,2707
CM,TO,2025-06-17,93.0,94.08,92.95,93.69,93.69,4291654
CM-PQ,TO,2025-06-17,25.05,25.05,25.05,25.05,25.05,220400
CM-PS,TO,2025-06-17,25.4,25.47,25.38,25.47,25.47,1514
CMAG,TO,2025-06-17,38.8,38.82,38.8,38.82,38.82,500
CMAG-U,TO,2025-06-17,29.28,29.28,29.28,29.28,29.28,300
CMAR,TO,2025-06-17,18.16,18.16,18.16,18.16,18.16,0
CMAR-U,TO,2025-06-17,18.65,18.65,18.65,18.65,18.65,0
CMCX-B,TO,2025-06-17,15.61,15.61,15.6,15.6,15.6,200
CMDO,TO,2025-06-17,19.68,19.7,19.68,19.7,19.7,386
CMEY,TO,2025-06-17,19.68,19.68,19.68,19.68,19.68,0
CMEY-U,TO,2025-06-17,20.08,20.08,20.08,20.08,20.08,0
CMG,TO,2025-06-17,6.75,6.91,6.75,6.8,6.8,49797
CMGG,TO,2025-06-17,35.35,35.43,35.31,35.43,35.43,2200
CMNY,TO,2025-06-17,50.11,50.12,50.11,50.12,50.12,4300
CMR,TO,2025-06-17,50.1,50.11,50.1,50.1,50.1,65190
CMVP,TO,2025-06-17,16.86,16.86,16.84,16.85,16.85,935
CNAO,TO,2025-06-17,29.76,29.76,29.76,29.76,29.76,0
CNCC,TO,2025-06-17,12.57,12.57,12.52,12.52,12.52,7091
CNCL,TO,2025-06-17,20.2,20.2,20.18,20.18,20.18,2726
CNDD,TO,2025-06-17,20.09,20.26,20.06,20.21,20.21,45551
CNDI,TO,2025-06-17,23.21,23.3,23.21,23.3,23.3,2202
CNDU,TO,2025-06-17,30.58,30.63,30.35,30.41,30.41,16153
CNDX,TO,2025-06-17,29.77,29.82,29.67,29.72,29.72,6140
CNE,TO,2025-06-17,2.67,2.73,2.6,2.7,2.7,69084
CNL,TO,2025-06-17,13.66,13.91,13.39,13.45,13.45,76729
CNQ,TO,2025-06-17,45.71,46.6,45.31,46.43,46.43,33843679
CNR,TO,2025-06-17,142.0,142.03,138.56,139.29,139.29,1661182
CNT,TO,2025-06-17,0.06,0.06,0.06,0.06,0.06,0
CNYE,TO,2025-06-17,12.55,12.64,12.2,12.45,12.45,12946
COLA,TO,2025-06-17,25.0,25.02,24.94,24.94,24.94,1800
COMM,TO,2025-06-17,41.82,41.82,41.82,41.82,41.82,175
CONY,TO,2025-06-17,10.18,10.23,9.93,10.12,10.12,2420
COP-U,TO,2025-06-17,7.49,7.49,7.4,7.47,7.47,30800
COP-UN,TO,2025-06-17,10.2,10.29,10.07,10.25,10.25,7348
COPP,TO,2025-06-17,33.45,33.45,33.26,33.26,33.26,421
COPR,TO,2025-06-17,0.2,0.205,0.19,0.19,0.19,58675
CORE,TO,2025-06-17,20.18,20.2,20.16,20.2,20.2,8422
COST,TO,2025-06-17,45.02,45.05,44.62,44.69,44.69,89126
COSY,TO,2025-06-17,10.03,10.06,10.0,10.06,10.06,1337
COW,TO,2025-06-17,68.82,68.9,68.8,68.8,68.8,1313
CP,TO,2025-06-17,109.53,110.79,108.95,109.33,109.33,1162833
CPD,TO,2025-06-17,13.0,13.03,13.0,13.03,13.03,18166
CPH,TO,2025-06-17,13.09,13.26,13.02,13.17,13.17,6685
CPLS,TO,2025-06-17,17.84,17.84,17.84,17.84,17.84,0
CPX,TO,2025-06-17,56.17,56.19,55.75,56.15,56.15,309541
CPX-PA,TO,2025-06-17,18.61,18.61,18.61,18.61,18.61,0
CPX-PC,TO,2025-06-17,25.24,25.24,25.04,25.04,25.04,18503
CPX-PE,TO,2025-06-17,24.98,24.98,24.8,24.9,24.9,21400
CRDL,TO,2025-06-17,1.95,1.95,1.86,1.87,1.87,38495
CRED,TO,2025-06-17,20.05,20.05,20.05,20.05,20.05,0
CRED-U,TO,2025-06-17,20.48,20.48,20.48,20.48,20.48,0
CRON,TO,2025-06-17,2.62,2.62,2.59,2.59,2.59,71321
CROP,TO,2025-06-17,18.64,18.67,18.64,18.67,18.67,595
CRP,TO,2025-06-17,6.03,6.06,6.03,6.06,6.06,10242
CRR-UN,TO,2025-06-17,14.78,14.78,14.56,14.69,14.69,102445
CRRX,TO,2025-06-17,2.99,3.0,2.98,2.99,2.99,4500
CRT-UN,TO,2025-06-17,16.0,16.0,15.72,15.81,15.81,124138
CRWN,TO,2025-06-17,0.93,0.93,0.93,0.93,0.93,0
CS,TO,2025-06-17,7.74,7.75,7.54,7.62,7.62,2045666
CSAV,TO,2025-06-17,50.08,50.09,50.08,50.08,50.08,11490
CSCI,TO,2025-06-17,5.04,5.04,4.79,4.79,4.79,500
CSCO,TO,2025-06-17,32.5,32.5,32.01,32.12,32.12,2678
CSE-PA,TO,2025-06-17,16.5,16.6,16.5,16.6,16.6,3700
CSH-UN,TO,2025-06-17,17.82,18.1,17.82,17.99,17.99,369258
CSU,TO,2025-06-17,4826.04,4889.6401,4757.0,4832.9399,4832.9399,17466
CSW-A,TO,2025-06-17,14.04,14.06,13.93,14.0,14.0,8101
CSW-B,TO,2025-06-17,13.02,13.1,13.01,13.1,13.1,2200
CTC,TO,2025-06-17,274.01,274.01,266.2,266.2,266.2,1064
CTC-A,TO,2025-06-17,179.92,181.175,178.34,179.21,179.21,157865
CTF-UN,TO,2025-06-17,2.59,2.59,2.59,2.59,2.59,1100
CTX,TO,2025-06-17,0.5,0.5,0.5,0.5,0.5,0
CU,TO,2025-06-17,37.97,37.975,37.65,37.89,37.89,209600
CU-PC,TO,2025-06-17,22.01,22.01,22.01,22.01,22.01,0
CU-PD,TO,2025-06-17,21.25,21.25,21.25,21.25,21.25,200
CU-PE,TO,2025-06-17,21.3,21.3,21.15,21.15,21.15,75000
CU-PF,TO,2025-06-17,19.95,19.95,19.74,19.75,19.75,1800
CU-PG,TO,2025-06-17,19.87,19.95,19.75,19.75,19.75,3675
CU-PH,TO,2025-06-17,23.25,23.25,23.25,23.25,23.25,500
CU-PI,TO,2025-06-17,25.06,25.1,25.06,25.1,25.1,1200
CUBD,TO,2025-06-17,20.5,20.5,20.5,20.5,20.5,200
CUD,TO,2025-06-17,52.95,52.98,52.75,52.75,52.75,665
CUEH,TO,2025-06-17,23.28,23.33,23.27,23.33,23.33,1800
CUEI,TO,2025-06-17,32.375,32.44,32.36,32.44,32.44,868
CUP-U,TO,2025-06-17,13.75,13.75,13.75,13.75,13.75,3338
CURA,TO,2025-06-17,1.15,1.16,1.12,1.14,1.14,86429
CVD,TO,2025-06-17,17.67,17.68,17.67,17.67,17.67,482
CVE,TO,2025-06-17,20.07,20.3,19.88,20.17,20.17,12849000
CVE-PA,TO,2025-06-17,23.81,23.81,23.81,23.81,23.81,0
CVE-PB,TO,2025-06-17,23.65,23.65,23.65,23.65,23.65,400
CVE-PG,TO,2025-06-17,24.97,24.98,24.97,24.98,24.98,19200
CVG,TO,2025-06-17,72.0,72.0,72.0,72.0,72.0,404
CVO,TO,2025-06-17,7.3,7.37,7.2,7.26,7.26,49860
CVVY,TO,2025-06-17,0.37,0.375,0.36,0.36,0.36,21108
CWEB,TO,2025-06-17,0.13,0.14,0.125,0.14,0.14,22512
CWIN,TO,2025-06-17,17.0,17.0,16.91,16.91,16.91,1476
CWL,TO,2025-06-17,0.73,0.73,0.73,0.73,0.73,0
CWW,TO,2025-06-17,61.25,61.25,61.2,61.25,61.25,2563
CXB,TO,2025-06-17,3.01,3.03,2.99,3.0,3.0,1893831
CXF,TO,2025-06-17,10.21,10.21,10.21,10.21,10.21,1000
CXI,TO,2025-06-17,19.97,20.11,19.55,19.55,19.55,34377
CYB,TO,2025-06-17,81.1,81.11,80.56,80.56,80.56,1058
CYBR,TO,2025-06-17,58.11,58.11,57.92,57.98,57.98,703
CYBR-B,TO,2025-06-17,67.93,67.93,67.93,67.93,67.93,300
CYH,TO,2025-06-17,22.51,22.51,22.32,22.32,22.32,751
D-UN,TO,2025-06-17,16.1,16.1,15.69,15.9,15.9,17699
DANC,TO,2025-06-17,22.51,22.51,22.51,22.51,22.51,125
DATA,TO,2025-06-17,28.72,28.72,28.72,28.72,28.72,0
DATA-B,TO,2025-06-17,31.96,31.96,31.87,31.92,31.92,500
DAY,TO,2025-06-17,78.44,78.7,77.38,77.58,77.58,8602
DBM,TO,2025-06-17,8.64,8.64,8.52,8.53,8.53,79983
DBO,TO,2025-06-17,0.235,0.2375,0.225,0.225,0.225,219598
DC-A,TO,2025-06-17,2.73,2.76,2.62,2.7,2.7,51273
DCBC,TO,2025-06-17,21.0,21.0,21.0,21.0,21.0,3264
DCBO,TO,2025-06-17,36.25,36.67,36.1,36.43,36.43,37236
DCC,TO,2025-06-17,19.04,19.04,19.04,19.04,19.04,0
DCG,TO,2025-06-17,18.41,18.41,18.41,18.41,18.41,2760
DCM,TO,2025-06-17,1.89,1.9,1.87,1.88,1.88,4000
DCP,TO,2025-06-17,20.55,20.55,20.55,20.55,20.55,0
DCS,TO,2025-06-17,19.05,19.05,19.05,19.05,19.05,0
DCU,TO,2025-06-17,17.79,17.79,17.79,17.79,17.79,2428
DF,TO,2025-06-17,6.1,6.11,6.05,6.09,6.09,66972
DF-PA,TO,2025-06-17,10.69,10.73,10.68,10.73,10.73,15101
DFN,TO,2025-06-17,6.11,6.12,6.065,6.09,6.09,192187
DFN-PA,TO,2025-06-17,10.56,10.6,10.56,10.57,10.57,70191
DFY,TO,2025-06-17,76.88,77.04,76.08,76.29,76.29,115100
DGR-B,TO,2025-06-17,53.32,53.32,52.99,53.09,53.09,4374
DGRC,TO,2025-06-17,43.21,43.28,43.19,43.24,43.24,2433
DGS,TO,2025-06-17,6.86,6.88,6.84,6.87,6.87,92484
DGS-PA,TO,2025-06-17,10.71,10.78,10.71,10.75,10.75,27842
DHT-U,TO,2025-06-17,9.1,9.1,9.1,9.1,9.1,0
DHT-UN,TO,2025-06-17,13.29,13.59,13.25,13.58,13.58,35900
DIAM,TO,2025-06-17,0.05,0.055,0.05,0.05,0.05,153000
DII-B,TO,2025-06-17,1.38,1.38,1.32,1.32,1.32,11207
DIR-UN,TO,2025-06-17,11.61,11.62,11.39,11.52,11.52,673751
DISC,TO,2025-06-17,43.35,43.35,43.35,43.35,43.35,0
DIV,TO,2025-06-17,2.93,2.93,2.87,2.87,2.87,274710
DIVS,TO,2025-06-17,16.65,16.81,16.2,16.65,16.65,75200
DLCG,TO,2025-06-17,9.5,9.51,9.28,9.36,9.36,74508
DLR,TO,2025-06-17,13.93,13.99,13.92,13.99,13.99,638082
DLR-U,TO,2025-06-17,10.25,10.26,10.25,10.26,10.26,414333
DMEC,TO,2025-06-17,24.79,24.79,24.72,24.76,24.76,1343
DMEE,TO,2025-06-17,20.13,20.36,20.13,20.295,20.295,8189
DMEI,TO,2025-06-17,22.8,22.91,22.8,22.815,22.815,15071
DMEU,TO,2025-06-17,23.58,23.7,23.58,23.7,23.7,3936
DML,TO,2025-06-17,2.54,2.54,2.42,2.48,2.48,2633328
DND,TO,2025-06-17,9.87,9.92,9.7,9.7,9.7,49000
DNG,TO,2025-06-17,4.53,4.54,4.46,4.5,4.5,50908
DNTL,TO,2025-06-17,8.46,8.46,8.28,8.28,8.28,114653
DOL,TO,2025-06-17,192.92,194.15,191.6,194.11,194.11,387574
DOO,TO,2025-06-17,65.86,65.86,64.14,64.53,64.53,91447
DPM,TO,2025-06-17,21.1,21.26,20.67,21.24,21.24,902713
DR,TO,2025-06-17,15.29,16.005,15.29,15.85,15.85,28921
DRCU,TO,2025-06-17,18.72,18.73,18.67,18.67,18.67,2500
DRFC,TO,2025-06-17,35.31,36.19,35.2,35.2,35.2,20841
DRFD,TO,2025-06-17,26.96,26.96,26.84,26.87,26.87,1000
DRFE,TO,2025-06-17,25.37,25.37,25.37,25.37,25.37,0
DRM,TO,2025-06-17,20.01,20.21,19.5,19.61,19.61,32057
DRMC,TO,2025-06-17,34.57,34.57,34.53,34.53,34.53,240
DRMD,TO,2025-06-17,28.63,28.73,28.63,28.7,28.7,915
DRME,TO,2025-06-17,19.51,19.51,19.51,19.51,19.51,0
DRMU,TO,2025-06-17,43.54,43.54,43.43,43.49,43.49,404
DRR-U,TO,2025-06-17,9.2,9.4,9.2,9.4,9.4,4081
DRT,TO,2025-06-17,0.77,0.77,0.77,0.77,0.77,500
DRX,TO,2025-06-17,8.35,8.4,8.15,8.24,8.24,29344
DS,TO,2025-06-17,6.6,6.6,6.55,6.6,6.6,5263
DSG,TO,2025-06-17,132.64,134.51,132.14,134.5,134.5,156655
DSV,TO,2025-06-17,3.39,3.56,3.39,3.54,3.54,5029180
DTOL,TO,2025-06-17,14.66,14.72,14.31,14.31,14.31,10904
DXB,TO,2025-06-17,17.77,17.78,17.77,17.77,17.77,3000
DXBB,TO,2025-06-17,19.79,19.79,19.79,19.79,19.79,100
DXBG,TO,2025-06-17,20.04,20.08,20.04,20.07,20.07,5522
DXBU,TO,2025-06-17,21.43,21.43,21.43,21.43,21.43,0
DXC,TO,2025-06-17,39.36,39.36,39.19,39.23,39.23,20295
DXCB,TO,2025-06-17,20.25,20.25,20.25,20.25,20.25,8700
DXDB,TO,2025-06-17,21.34,21.38,21.34,21.34,21.34,4910
DXEM,TO,2025-06-17,13.98,13.98,13.98,13.98,13.98,0
DXET,TO,2025-06-17,18.08,18.42,18.08,18.42,18.42,1400
DXF,TO,2025-06-17,50.1,50.1,50.04,50.04,50.04,401
DXG,TO,2025-06-17,67.41,67.79,67.41,67.74,67.74,2294
DXGE,TO,2025-06-17,25.1,25.1,25.1,25.1,25.1,0
DXID,TO,2025-06-17,18.94,18.94,18.87,18.9,18.9,2360
DXIF,TO,2025-06-17,26.24,26.24,26.24,26.24,26.24,100
DXN,TO,2025-06-17,22.91,22.91,22.91,22.91,22.91,600
DXO,TO,2025-06-17,19.5,19.5,19.5,19.5,19.5,0
DXP,TO,2025-06-17,24.06,24.1,24.06,24.1,24.1,2200
DXQ,TO,2025-06-17,25.95,25.95,25.89,25.9,25.9,5654
DXR,TO,2025-06-17,22.98,22.98,22.98,22.98,22.98,0
DXT,TO,2025-06-17,8.77,8.895,8.71,8.71,8.71,51227
DXU,TO,2025-06-17,62.4,62.4,62.26,62.26,62.26,448
DXUS,TO,2025-06-17,29.67,29.68,29.63,29.63,29.63,6110
DXV,TO,2025-06-17,19.68,19.71,19.67,19.71,19.71,8223
DXW,TO,2025-06-17,24.09,24.09,24.09,24.09,24.09,0
DXZ,TO,2025-06-17,12.73,12.73,12.62,12.62,12.62,614
DYA,TO,2025-06-17,0.14,0.145,0.14,0.145,0.145,76416
E,TO,2025-06-17,1.7,1.73,1.7,1.725,1.725,102078
EAGR,TO,2025-06-17,0.46,0.52,0.46,0.51,0.51,227944
EARN,TO,2025-06-17,48.88,48.88,48.88,48.88,48.88,0
EBIT,TO,2025-06-17,50.83,50.92,49.9,50.66,50.66,81394
EBIT-U,TO,2025-06-17,37.51,37.51,36.9,37.28,37.28,2500
EBNK,TO,2025-06-17,14.0,14.02,13.5,13.52,13.52,40494
EBNK-B,TO,2025-06-17,13.98,13.98,13.86,13.89,13.89,4684
EBNK-U,TO,2025-06-17,12.53,12.55,12.53,12.55,12.55,1336
ECN,TO,2025-06-17,2.6,2.61,2.55,2.58,2.58,50600
ECN-PC,TO,2025-06-17,22.87,22.88,22.7,22.88,22.88,1100
ECO,TO,2025-06-17,4.04,4.12,4.04,4.05,4.05,9801
ECOR,TO,2025-06-17,1.29,1.29,1.24,1.26,1.26,43811
EDG708,TO,2025-06-17,60.4651,60.4651,60.4651,60.4651,60.4651,0
EDGE,TO,2025-06-17,41.36,41.36,41.34,41.34,41.34,800
EDGE-U,TO,2025-06-17,22.28,22.28,22.28,22.28,22.28,0
EDGF,TO,2025-06-17,11.6,11.6,11.2,11.22,11.22,8420
EDR,TO,2025-06-17,6.71,6.85,6.47,6.77,6.77,912823
EDT,TO,2025-06-17,0.86,0.86,0.86,0.86,0.86,18243
EDV,TO,2025-06-17,42.89,43.19,41.95,42.09,42.09,732295
EFN,TO,2025-06-17,32.21,32.4,32.14,32.38,32.38,320388
EFR,TO,2025-06-17,7.86,8.06,7.68,8.01,8.01,1040506
EFX,TO,2025-06-17,10.74,11.0,10.73,10.82,10.82,238310
EGLX,TO,2025-06-17,0.05,0.055,0.05,0.055,0.055,26113
EHE,TO,2025-06-17,35.0,35.0,35.0,35.0,35.0,0
EIF,TO,2025-06-17,57.0,57.715,57.0,57.31,57.31,50459
EIT-PA,TO,2025-06-17,25.27,25.27,25.27,25.27,25.27,100
EIT-PB,TO,2025-06-17,25.24,25.27,25.24,25.27,25.27,500
EIT-UN,TO,2025-06-17,15.5,15.56,15.45,15.56,15.56,247936
ELD,TO,2025-06-17,29.05,29.14,28.65,28.89,28.89,195226
ELEF,TO,2025-06-17,0.245,0.25,0.23,0.235,0.235,71200
ELF,TO,2025-06-17,16.2,16.43,15.86,16.08,16.08,12248
ELF-PF,TO,2025-06-17,22.56,22.62,22.55,22.62,22.62,1442
ELF-PG,TO,2025-06-17,20.54,20.54,20.54,20.54,20.54,0
ELF-PH,TO,2025-06-17,23.31,23.31,23.3,23.3,23.3,1300
ELO,TO,2025-06-17,1.23,1.25,1.14,1.17,1.17,76800
ELR,TO,2025-06-17,0.295,0.295,0.27,0.27,0.27,173588
ELVA,TO,2025-06-17,4.68,4.68,4.5,4.53,4.53,7265
EMA,TO,2025-06-17,61.35,61.46,60.86,61.44,61.44,819315
EMA-PA,TO,2025-06-17,18.3,18.4,18.3,18.34,18.34,5910
EMA-PB,TO,2025-06-17,18.3,18.4,18.24,18.4,18.4,13735
EMA-PC,TO,2025-06-17,24.5,24.5,24.31,24.4,24.4,2400
EMA-PE,TO,2025-06-17,19.22,19.42,19.2,19.21,19.21,7300
EMA-PF,TO,2025-06-17,23.0,23.02,22.95,23.02,23.02,1557
EMA-PH,TO,2025-06-17,24.9,24.9,24.73,24.73,24.73,1825
EMA-PL,TO,2025-06-17,19.5,19.5,19.23,19.23,19.23,9500
EMAX,TO,2025-06-17,13.83,13.85,13.64,13.795,13.795,50432
EMP-A,TO,2025-06-17,51.47,52.055,51.32,51.46,51.46,320116
EMV-B,TO,2025-06-17,30.84,30.84,30.83,30.83,30.83,550
ENB,TO,2025-06-17,62.61,62.82,62.36,62.75,62.75,7858131
ENB-PA,TO,2025-06-17,23.26,23.26,23.26,23.26,23.26,145
ENB-PB,TO,2025-06-17,19.09,19.19,19.09,19.15,19.15,9039
ENB-PD,TO,2025-06-17,19.54,19.54,19.5,19.54,19.54,700
ENB-PF,TO,2025-06-17,19.9,19.9,19.9,19.9,19.9,114
ENB-PFA,TO,2025-06-17,20.37,20.38,20.35,20.35,20.35,1000
ENB-PFC,TO,2025-06-17,20.09,20.16,20.09,20.16,20.16,5400
ENB-PFE,TO,2025-06-17,20.04,20.91,20.04,20.09,20.09,15395
ENB-PFG,TO,2025-06-17,20.24,20.29,20.2,20.2,20.2,8300
ENB-PFK,TO,2025-06-17,24.18,24.29,24.1,24.11,24.11,7740
ENB-PFU,TO,2025-06-17,23.0,23.0,22.99,23.0,23.0,4450
ENB-PFV,TO,2025-06-17,23.99,24.0,23.99,24.0,24.0,4200
ENB-PG,TO,2025-06-17,20.95,20.95,20.95,20.95,20.95,0
ENB-PH,TO,2025-06-17,20.95,20.95,20.9,20.95,20.95,3590
ENB-PI,TO,2025-06-17,20.5,20.5,20.5,20.5,20.5,0
ENB-PJ,TO,2025-06-17,20.86,20.9,20.85,20.85,20.85,1800
ENB-PN,TO,2025-06-17,23.25,23.39,23.25,23.32,23.32,2800
ENB-PP,TO,2025-06-17,20.54,20.54,20.54,20.54,20.54,200
ENB-PT,TO,2025-06-17,21.38,21.39,21.36,21.36,21.36,4767
ENB-PV,TO,2025-06-17,23.59,23.69,23.59,23.69,23.69,2275
ENB-PY,TO,2025-06-17,19.2,19.2,19.16,19.2,19.2,2575
ENCC,TO,2025-06-17,10.77,10.77,10.7,10.725,10.725,124868
ENCL,TO,2025-06-17,18.62,18.7,18.59,18.64,18.64,59476
ENGH,TO,2025-06-17,22.8,23.03,22.61,22.62,22.62,146677
ENI-UN,TO,2025-06-17,1.61,1.61,1.61,1.61,1.61,200
ENS,TO,2025-06-17,14.33,14.33,14.27,14.33,14.33,14018
ENS-PA,TO,2025-06-17,11.11,11.11,11.11,11.11,11.11,100
EPRX,TO,2025-06-17,5.68,5.95,5.58,5.92,5.92,75471
EQB,TO,2025-06-17,91.5,92.88,91.38,91.94,91.94,84400
EQCC,TO,2025-06-17,20.08,20.08,20.08,20.08,20.08,401
EQCL,TO,2025-06-17,21.5,21.5,21.42,21.46,21.46,2287
EQL,TO,2025-06-17,36.86,36.87,36.69,36.73,36.73,17769
EQL-F,TO,2025-06-17,31.23,31.23,31.02,31.02,31.02,12404
EQL-U,TO,2025-06-17,27.02,27.02,27.02,27.02,27.02,106
EQLI,TO,2025-06-17,19.92,19.93,19.87,19.87,19.87,6293
EQLT,TO,2025-06-17,21.31,21.31,21.31,21.31,21.31,0
EQX,TO,2025-06-17,8.5,8.675,8.48,8.62,8.62,2018951
ERD,TO,2025-06-17,0.99,0.99,0.93,0.93,0.93,275669
ERE-UN,TO,2025-06-17,2.52,2.53,2.51,2.51,2.51,36004
ERO,TO,2025-06-17,21.23,21.55,20.8,20.87,20.87,295172
ESG,TO,2025-06-17,42.17,42.17,42.06,42.09,42.09,2402
ESG-F,TO,2025-06-17,38.93,38.93,38.93,38.93,38.93,500
ESGA,TO,2025-06-17,43.48,43.48,43.48,43.48,43.48,148
ESGB,TO,2025-06-17,27.86,27.86,27.86,27.86,27.86,0
ESGC,TO,2025-06-17,31.18,31.18,31.18,31.18,31.18,164
ESGE,TO,2025-06-17,36.67,36.73,36.57,36.58,36.58,908
ESGF,TO,2025-06-17,24.07,24.07,24.07,24.07,24.07,200
ESGG,TO,2025-06-17,49.79,49.79,49.79,49.79,49.79,140
ESGY,TO,2025-06-17,57.53,57.53,57.53,57.53,57.53,100
ESI,TO,2025-06-17,2.39,2.515,2.37,2.49,2.49,200493
ESM,TO,2025-06-17,0.13,0.135,0.125,0.13,0.13,818347
ESP,TO,2025-06-17,4.85,4.88,4.83,4.86,4.86,9900
ESP-PA,TO,2025-06-17,10.23,10.23,10.17,10.17,10.17,2300
ESPX,TO,2025-06-17,24.0,24.0,24.0,24.0,24.0,0
ET,TO,2025-06-17,12.1,12.24,12.08,12.1,12.1,12181
ETC,TO,2025-06-17,19.39,19.74,19.39,19.72,19.72,1080
ETC-U,TO,2025-06-17,19.0,19.0,19.0,19.0,19.0,0
ETG,TO,2025-06-17,2.02,2.02,1.97,1.99,1.99,53720
ETHH,TO,2025-06-17,9.92,9.96,9.53,9.82,9.82,194327
ETHH-B,TO,2025-06-17,11.84,11.88,11.38,11.76,11.76,246884
ETHH-U,TO,2025-06-17,10.61,10.8,10.61,10.8,10.8,1500
ETHI,TO,2025-06-17,53.57,53.57,53.57,53.57,53.57,0
ETHO-B,TO,2025-06-17,19.1,19.16,18.39,18.97,18.97,22805
ETHQ,TO,2025-06-17,13.65,13.65,13.18,13.6,13.6,3970
ETHR,TO,2025-06-17,11.63,11.66,11.22,11.56,11.56,34525
ETHX-B,TO,2025-06-17,12.38,12.42,11.9,12.3,12.3,260105
ETHX-U,TO,2025-06-17,11.4,11.4,10.99,11.28,11.28,18794
ETHY,TO,2025-06-17,2.63,2.63,2.5,2.585,2.585,130592
ETHY-B,TO,2025-06-17,3.33,3.33,3.2,3.23,3.23,56552
ETHY-U,TO,2025-06-17,2.67,2.67,2.67,2.67,2.67,0
ETP,TO,2025-06-17,17.71,17.71,17.71,17.71,17.71,0
ETSX,TO,2025-06-17,21.43,21.43,21.35,21.35,21.35,2120
EVO,TO,2025-06-17,25.46,25.46,24.92,24.98,24.98,38694
EVT,TO,2025-06-17,20.38,20.38,20.38,20.38,20.38,0
EXE,TO,2025-06-17,14.0,14.31,14.0,14.17,14.17,112534
EXRO,TO,2025-06-17,0.075,0.075,0.065,0.065,0.065,1038029
FAP,TO,2025-06-17,2.92,2.92,2.91,2.92,2.92,87167
FAR,TO,2025-06-17,1.91,1.95,1.87,1.95,1.95,78158
FAUS,TO,2025-06-17,23.01,23.01,23.01,23.01,23.01,300
FBGO,TO,2025-06-17,17.28,17.32,17.03,17.29,17.29,15700
FBT,TO,2025-06-17,27.71,27.71,27.71,27.71,27.71,0
FBTC,TO,2025-06-17,47.36,47.43,46.46,47.11,47.11,72077
FBTC-U,TO,2025-06-17,35.83,35.83,35.83,35.83,35.83,0
FC,TO,2025-06-17,12.35,12.38,12.31,12.35,12.35,12801
FCAB,TO,2025-06-17,24.96,24.96,24.94,24.96,24.96,1400
FCCD,TO,2025-06-17,31.58,31.58,31.48,31.55,31.55,2071
FCCQ,TO,2025-06-17,40.06,40.06,39.98,40.0,40.0,5400
FCCV,TO,2025-06-17,16.3,16.32,16.27,16.32,16.32,800
FCD-UN,TO,2025-06-17,6.03,6.05,5.97,5.99,5.99,13098
FCID,TO,2025-06-17,29.42,29.42,29.33,29.41,29.41,1619
FCII,TO,2025-06-17,23.84,23.84,23.84,23.84,23.84,0
FCIQ,TO,2025-06-17,43.1,43.11,42.92,43.0,43.0,27892
FCIV,TO,2025-06-17,38.78,38.78,38.59,38.65,38.65,40078
FCQH,TO,2025-06-17,58.11,58.11,58.11,58.11,58.11,300
FCR-UN,TO,2025-06-17,17.75,17.75,17.36,17.47,17.47,304858
FCRR,TO,2025-06-17,42.76,42.97,42.76,42.97,42.97,604
FCSI,TO,2025-06-17,24.21,24.21,24.21,24.21,24.21,0
FCUB,TO,2025-06-17,25.11,25.16,25.11,25.16,25.16,3500
FCUD,TO,2025-06-17,36.76,36.76,36.65,36.67,36.67,461
FCUH,TO,2025-06-17,32.23,32.23,32.23,32.23,32.23,0
FCUQ,TO,2025-06-17,63.12,63.2,63.1,63.1,63.1,800
FCUV,TO,2025-06-17,19.23,19.29,19.22,19.26,19.26,25847
FCVH,TO,2025-06-17,18.12,18.12,18.12,18.12,18.12,600
FDN,TO,2025-06-17,28.43,28.43,28.43,28.43,28.43,100
FDY,TO,2025-06-17,0.79,0.8,0.77,0.78,0.78,140460
FEBB-F,TO,2025-06-17,47.77,47.77,47.77,47.77,47.77,0
FEC,TO,2025-06-17,6.69,6.9,6.68,6.9,6.9,39082
FETH,TO,2025-06-17,46.31,46.46,44.85,46.19,46.19,3521
FF,TO,2025-06-17,0.195,0.2,0.19,0.195,0.195,991964
FFH,TO,2025-06-17,2394.97,2421.0901,2390.1951,2415.8401,2415.8401,33113
FFH-PG,TO,2025-06-17,24.3,24.3,24.24,24.24,24.24,1405
FFH-PH,TO,2025-06-17,24.2,24.2,24.2,24.2,24.2,600
FFH-PI,TO,2025-06-17,24.35,24.35,24.34,24.34,24.34,800
FFH-PJ,TO,2025-06-17,24.4,24.4,24.4,24.4,24.4,0
FFH-PK,TO,2025-06-17,24.86,24.9,24.86,24.87,24.87,1500
FFI-UN,TO,2025-06-17,12.54,12.54,12.54,12.54,12.54,0
FFM,TO,2025-06-17,0.99,1.0,0.95,0.95,0.95,63690
FFN,TO,2025-06-17,6.62,6.63,6.57,6.59,6.59,168763
FFN-PA,TO,2025-06-17,10.7,10.72,10.7,10.71,10.71,61667
FGEB,TO,2025-06-17,10.78,10.92,10.78,10.9,10.9,2355
FGEP,TO,2025-06-17,11.39,11.39,11.35,11.38,11.38,36066
FGGE,TO,2025-06-17,24.41,24.41,24.41,24.41,24.41,1000
FGO,TO,2025-06-17,9.97,9.99,9.97,9.99,9.99,1133
FHG,TO,2025-06-17,51.53,51.53,51.53,51.53,51.53,0
FHH,TO,2025-06-17,37.38,37.38,37.38,37.38,37.38,0
FHI,TO,2025-06-17,10.54,10.54,10.43,10.44,10.44,5892
FHIS,TO,2025-06-17,20.9,20.92,20.9,20.9,20.9,11058
FHQ,TO,2025-06-17,98.93,99.05,98.7,98.7,98.7,401
FIE,TO,2025-06-17,8.53,8.55,8.52,8.535,8.535,28967
FIG,TO,2025-06-17,9.46,9.46,9.46,9.46,9.46,7148
FIH-U,TO,2025-06-17,18.03,18.08,17.84,17.97,17.97,19831
FINO,TO,2025-06-17,26.43,26.43,26.43,26.43,26.43,101
FINT,TO,2025-06-17,30.12,30.12,30.12,30.12,30.12,0
FLCI,TO,2025-06-17,17.94,17.94,17.94,17.94,17.94,0
FLCP,TO,2025-06-17,17.81,17.81,17.81,17.81,17.81,190
FLGA,TO,2025-06-17,18.87,18.92,18.87,18.92,18.92,3599
FLI,TO,2025-06-17,11.1,11.1,10.96,11.0,11.0,2142
FLNT,TO,2025-06-17,0.025,0.03,0.025,0.03,0.03,2300
FLOW,TO,2025-06-17,0.095,0.095,0.085,0.085,0.085,186699
FLSD,TO,2025-06-17,19.255,19.255,19.255,19.255,19.255,100
FLUS,TO,2025-06-17,48.06,48.1,47.99,47.99,47.99,514
FLX,TO,2025-06-17,7.05,7.05,7.05,7.05,7.05,100
FM,TO,2025-06-17,21.39,21.49,21.17,21.21,21.21,1336604
FMAX,TO,2025-06-17,18.04,18.06,17.99,18.05,18.05,5409
FN,TO,2025-06-17,40.05,40.15,39.94,40.0,40.0,17252
FN-PA,TO,2025-06-17,15.87,15.87,15.85,15.85,15.85,2000
FN-PB,TO,2025-06-17,16.2,16.2,16.2,16.2,16.2,0
FNV,TO,2025-06-17,233.46,234.57,228.67,230.58,230.58,256500
FOM,TO,2025-06-17,3.27,3.29,3.15,3.17,3.17,406703
FOOD,TO,2025-06-17,0.15,0.15,0.14,0.145,0.145,30089
FORA,TO,2025-06-17,4.0,4.05,3.97,3.98,3.98,21820
FOUR,TO,2025-06-17,57.44,57.44,57.44,57.44,57.44,0
FPR,TO,2025-06-17,23.77,23.77,23.77,23.77,23.77,0
FRU,TO,2025-06-17,13.0,13.19,12.95,13.12,13.12,904132
FRX,TO,2025-06-17,10.82,10.82,10.45,10.45,10.45,1520
FSB,TO,2025-06-17,9.66,9.68,9.66,9.68,9.68,1579
FSB-U,TO,2025-06-17,10.0,10.0,10.0,10.0,10.0,0
FSF,TO,2025-06-17,32.24,32.24,32.24,32.24,32.24,0
FSL,TO,2025-06-17,16.68,16.68,16.68,16.68,16.68,1300
FST,TO,2025-06-17,61.2,61.35,61.2,61.35,61.35,408
FSV,TO,2025-06-17,241.47,242.9,240.98,242.45,242.45,66931
FSY,TO,2025-06-17,0.61,0.78,0.6,0.76,0.76,833830
FSZ,TO,2025-06-17,5.96,6.005,5.89,5.92,5.92,258087
FT,TO,2025-06-17,0.065,0.065,0.065,0.065,0.065,51500
FTG,TO,2025-06-17,11.12,11.35,11.1,11.21,11.21,102401
FTHI,TO,2025-06-17,10.45,10.46,10.43,10.46,10.46,2960
FTN,TO,2025-06-17,9.17,9.18,9.15,9.15,9.15,90636
FTN-PA,TO,2025-06-17,10.77,10.8,10.77,10.79,10.79,21073
FTS,TO,2025-06-17,64.68,64.77,64.22,64.7,64.7,660895
FTS-PF,TO,2025-06-17,22.0,22.0,21.84,21.85,21.85,300
FTS-PG,TO,2025-06-17,22.83,22.83,22.8,22.8,22.8,2200
FTS-PH,TO,2025-06-17,17.15,17.15,17.15,17.15,17.15,0
FTS-PI,TO,2025-06-17,16.9,16.9,16.9,16.9,16.9,0
FTS-PJ,TO,2025-06-17,21.3,21.3,20.82,20.82,20.82,6115
FTS-PK,TO,2025-06-17,21.78,21.85,21.77,21.85,21.85,3300
FTS-PM,TO,2025-06-17,23.295,23.295,22.43,22.44,22.44,3135
FTT,TO,2025-06-17,54.84,55.63,54.84,55.12,55.12,264801
FTU,TO,2025-06-17,0.43,0.43,0.43,0.43,0.43,0
FTU-PB,TO,2025-06-17,7.45,7.45,7.45,7.45,7.45,700
FUD,TO,2025-06-17,35.61,35.61,35.61,35.61,35.61,0
FURY,TO,2025-06-17,0.72,0.72,0.7,0.7,0.7,14530
FVI,TO,2025-06-17,9.4,9.49,9.25,9.42,9.42,747969
FVL,TO,2025-06-17,1.14,1.16,1.1,1.1,1.1,196102
FXM,TO,2025-06-17,28.47,28.48,28.47,28.48,28.48,300
G,TO,2025-06-17,1.03,1.03,0.99,0.99,0.99,63334
GAU,TO,2025-06-17,1.89,1.95,1.86,1.89,1.89,871260
GBAL,TO,2025-06-17,52.88,52.88,52.83,52.83,52.83,8084
GBT,TO,2025-06-17,13.54,14.37,13.21,13.43,13.43,4655
GCBD,TO,2025-06-17,18.21,18.21,18.21,18.21,18.21,0
GCFE,TO,2025-06-17,31.92,31.94,31.88,31.94,31.94,370
GCG,TO,2025-06-17,41.2,41.2,41.2,41.2,41.2,220
GCG-A,TO,2025-06-17,40.51,41.11,40.5,41.11,41.11,810
GCL,TO,2025-06-17,0.84,0.84,0.82,0.82,0.82,30332
GCNS,TO,2025-06-17,45.76,45.76,45.76,45.76,45.76,0
GCTB,TO,2025-06-17,50.07,50.07,50.07,50.07,50.07,22485
GCU,TO,2025-06-17,0.26,0.26,0.25,0.255,0.255,100520
GDC,TO,2025-06-17,3.12,3.12,3.12,3.12,3.12,106
GDEP,TO,2025-06-17,19.53,19.53,19.53,19.53,19.53,0
GDEP-B,TO,2025-06-17,19.14,19.14,19.14,19.14,19.14,0
GDI,TO,2025-06-17,31.95,32.18,31.58,31.75,31.75,2768
GDL,TO,2025-06-17,12.4,12.48,12.4,12.4,12.4,1050
GDPY,TO,2025-06-17,19.82,19.82,19.82,19.82,19.82,200
GDPY-B,TO,2025-06-17,19.78,19.78,19.78,19.78,19.78,700
GDV,TO,2025-06-17,10.92,10.94,10.84,10.85,10.85,11857
GDV-PA,TO,2025-06-17,10.4,10.41,10.35,10.4,10.4,1000
GDXD,TO,2025-06-17,11.8,12.1,11.75,11.79,11.79,86271
GDXU,TO,2025-06-17,41.9,42.12,40.85,41.99,41.99,94505
GEI,TO,2025-06-17,24.16,24.52,24.01,24.27,24.27,791556
GENM,TO,2025-06-17,0.35,0.355,0.335,0.335,0.335,319940
GEO,TO,2025-06-17,3.48,3.48,3.4,3.45,3.45,46210
GEQT,TO,2025-06-17,66.955,66.955,66.9,66.9,66.9,629
GFL,TO,2025-06-17,66.81,67.65,66.75,67.61,67.61,338723
GFP,TO,2025-06-17,3.9,3.9,3.9,3.9,3.9,0
GFR,TO,2025-06-17,6.92,6.92,6.69,6.69,6.69,18627
GGD,TO,2025-06-17,2.26,2.33,2.23,2.33,2.33,1217395
GGRO,TO,2025-06-17,59.62,59.62,59.42,59.53,59.53,2044
GH,TO,2025-06-17,12.01,12.07,12.01,12.05,12.05,1959
GIB-A,TO,2025-06-17,147.71,148.17,146.93,147.05,147.05,178732
GIES,TO,2025-06-17,24.32,24.32,24.32,24.32,24.32,444
GIL,TO,2025-06-17,64.54,65.23,64.18,64.42,64.42,256403
GIQG,TO,2025-06-17,30.27,30.27,30.27,30.27,30.27,0
GIQG-B,TO,2025-06-17,32.67,32.67,32.67,32.67,32.67,0
GIQU,TO,2025-06-17,32.11,32.11,32.11,32.11,32.11,0
GLCC,TO,2025-06-17,37.07,37.07,36.72,37.0,37.0,16238
GLCL,TO,2025-06-17,21.92,21.99,21.92,21.99,21.99,400
GLDD,TO,2025-06-17,15.81,15.97,15.81,15.85,15.85,17068
GLDU,TO,2025-06-17,25.82,25.83,25.41,25.65,25.65,20078
GLDX,TO,2025-06-17,29.34,29.38,29.34,29.38,29.38,549
GLO,TO,2025-06-17,0.92,0.92,0.855,0.89,0.89,836442
GLXY,TO,2025-06-17,25.77,26.12,24.97,25.22,25.22,430523
GMIN,TO,2025-06-17,18.91,18.91,18.37,18.44,18.44,624343
GMTN,TO,2025-06-17,0.01,0.01,0.01,0.01,0.01,151750
GMX,TO,2025-06-17,1.41,1.43,1.4,1.43,1.43,5290
GOGY,TO,2025-06-17,11.67,11.67,11.65,11.65,11.65,7365
GOLD,TO,2025-06-17,1.05,1.06,1.04,1.04,1.04,121933
GOOG,TO,2025-06-17,29.09,29.33,28.9,29.08,29.08,213751
GOOS,TO,2025-06-17,15.53,15.63,15.28,15.39,15.39,97265
GRA,TO,2025-06-17,2.37,2.38,2.33,2.37,2.37,76067
GRC,TO,2025-06-17,0.085,0.085,0.08,0.08,0.08,22501
GRGD,TO,2025-06-17,19.5,20.39,18.52,19.62,19.62,449809
GRID,TO,2025-06-17,2.65,2.7,2.59,2.61,2.61,42100
GRN,TO,2025-06-17,0.095,0.095,0.09,0.09,0.09,139301
GRNI,TO,2025-06-17,30.48,30.51,30.44,30.51,30.51,3200
GRT-UN,TO,2025-06-17,69.68,69.68,68.45,69.19,69.19,100718
GSY,TO,2025-06-17,156.14,156.82,155.27,156.0,156.0,28624
GTE,TO,2025-06-17,8.2,8.56,8.19,8.46,8.46,57983
GTWO,TO,2025-06-17,3.08,3.1,3.04,3.06,3.06,82119
GUD,TO,2025-06-17,6.06,6.16,6.02,6.07,6.07,951650
GURU,TO,2025-06-17,1.85,1.87,1.85,1.86,1.86,917
GUTB-U,TO,2025-06-17,50.09,50.09,50.09,50.09,50.09,0
GVC,TO,2025-06-17,0.13,0.135,0.13,0.13,0.13,13500
GWO,TO,2025-06-17,51.59,51.7,49.85,50.06,50.06,1674950
GWO-PG,TO,2025-06-17,22.25,22.31,22.2,22.2,22.2,30000
GWO-PH,TO,2025-06-17,20.93,20.93,20.82,20.82,20.82,900
GWO-PI,TO,2025-06-17,19.6,19.61,19.59,19.61,19.61,26641
GWO-PL,TO,2025-06-17,24.1,24.1,23.92,23.92,23.92,710
GWO-PM,TO,2025-06-17,24.55,24.6,24.49,24.49,24.49,2600
GWO-PN,TO,2025-06-17,16.62,16.62,16.62,16.62,16.62,0
GWO-PP,TO,2025-06-17,23.23,23.23,23.23,23.23,23.23,315
GWO-PQ,TO,2025-06-17,21.89,21.9,21.83,21.83,21.83,1312
GWO-PR,TO,2025-06-17,20.68,20.7,20.6,20.65,20.65,13000
GWO-PS,TO,2025-06-17,22.57,22.57,22.56,22.56,22.56,300
GWO-PT,TO,2025-06-17,21.89,21.89,21.89,21.89,21.89,0
GWO-PY,TO,2025-06-17,19.36,19.45,19.32,19.32,19.32,14442
H,TO,2025-06-17,48.89,49.07,48.56,48.98,48.98,1050986
HAB,TO,2025-06-17,10.19,10.21,10.19,10.19,10.19,3170
HAC,TO,2025-06-17,30.39,30.46,30.39,30.45,30.45,600
HAD,TO,2025-06-17,9.0,9.0,9.0,9.0,9.0,0
HAF,TO,2025-06-17,7.1,7.1,7.1,7.1,7.1,216
HAI,TO,2025-06-17,4.5,4.84,4.49,4.73,4.73,18289
HAL,TO,2025-06-17,22.57,22.57,22.49,22.49,22.49,3306
HAZ,TO,2025-06-17,38.1,38.1,38.04,38.04,38.04,2056
HBA,TO,2025-06-17,28.94,28.94,28.78,28.78,28.78,317
HBAL,TO,2025-06-17,15.92,15.95,15.92,15.93,15.93,10093
HBB,TO,2025-06-17,49.04,49.1,48.98,49.07,49.07,28127
HBF,TO,2025-06-17,9.8,9.8,9.72,9.73,9.73,12862
HBF-U,TO,2025-06-17,11.31,11.31,11.31,11.31,11.31,1515
HBGD,TO,2025-06-17,31.25,31.25,31.25,31.25,31.25,173
HBIE,TO,2025-06-17,23.16,23.16,23.16,23.16,23.16,1000
HBIG,TO,2025-06-17,23.57,23.57,23.45,23.45,23.45,1800
HBIL,TO,2025-06-17,15.1,15.15,15.1,15.13,15.13,24820
HBIL-U,TO,2025-06-17,15.32,15.32,15.29,15.31,15.31,37003
HBLK,TO,2025-06-17,17.18,17.18,17.14,17.14,17.14,475
HBM,TO,2025-06-17,13.52,13.635,13.45,13.47,13.47,952936
HBND,TO,2025-06-17,13.05,13.1,13.0,13.1,13.1,4546
HBNK,TO,2025-06-17,26.4,26.4,26.34,26.4,26.4,14506
HBP,TO,2025-06-17,0.91,0.92,0.91,0.91,0.91,1600
HBUG,TO,2025-06-17,27.74,27.74,27.74,27.74,27.74,0
HCA,TO,2025-06-17,25.5,25.5,25.5,25.5,25.5,160
HCAL,TO,2025-06-17,26.15,26.26,26.11,26.18,26.18,19208
HCLN,TO,2025-06-17,7.85,7.85,7.75,7.75,7.75,2887
HCON,TO,2025-06-17,13.99,13.99,13.99,13.99,13.99,500
HCRE,TO,2025-06-17,28.04,28.04,28.04,28.04,28.04,252
HDGE,TO,2025-06-17,26.36,26.36,26.36,26.36,26.36,0
HDIF,TO,2025-06-17,8.29,8.29,8.19,8.21,8.21,72406
HDIV,TO,2025-06-17,17.89,17.89,17.79,17.82,17.82,107542
HEB,TO,2025-06-17,20.74,20.77,20.665,20.665,20.665,2411
HEQL,TO,2025-06-17,27.87,27.87,27.87,27.87,27.87,100
HEQT,TO,2025-06-17,18.43,18.44,18.39,18.39,18.39,4316
HERO,TO,2025-06-17,44.84,44.85,44.84,44.85,44.85,900
HEWB,TO,2025-06-17,41.66,41.66,41.48,41.58,41.58,19543
HFG,TO,2025-06-17,29.66,29.66,29.66,29.66,29.66,100
HFIN,TO,2025-06-17,20.95,20.96,20.8,20.88,20.88,7268
HFN,TO,2025-06-17,17.0,17.0,17.0,17.0,17.0,350
HFPC-U,TO,2025-06-17,2.23,2.23,2.23,2.23,2.23,0
HFR,TO,2025-06-17,10.09,10.09,10.08,10.09,10.09,12533
HGGG,TO,2025-06-17,52.27,52.49,52.27,52.49,52.49,541
HGR,TO,2025-06-17,5.8,5.8,5.8,5.8,5.8,0
HGRW,TO,2025-06-17,25.44,25.44,25.44,25.44,25.44,5000
HGY,TO,2025-06-17,13.5,13.505,13.49,13.49,13.49,3961
HHIS,TO,2025-06-17,11.81,11.81,11.645,11.7,11.7,398385
HHL,TO,2025-06-17,7.24,7.24,7.12,7.125,7.125,501831
HHL-B,TO,2025-06-17,8.19,8.19,8.19,8.19,8.19,0
HHL-U,TO,2025-06-17,7.81,7.81,7.72,7.72,7.72,6700
HHLE,TO,2025-06-17,8.73,8.73,8.51,8.52,8.52,72455
HIG,TO,2025-06-17,7.53,7.53,7.49,7.49,7.49,3150
HIND,TO,2025-06-17,11.58,11.58,11.58,11.58,11.58,139
HISU-U,TO,2025-06-17,100.24,100.24,100.24,100.24,100.24,1249
HLF,TO,2025-06-17,18.1,18.48,18.1,18.3,18.3,31546
HLIF,TO,2025-06-17,9.82,9.82,9.8,9.815,9.815,6403
HLIT,TO,2025-06-17,12.25,12.25,12.25,12.25,12.25,0
HLPR,TO,2025-06-17,30.64,30.64,30.64,30.64,30.64,1300
HLS,TO,2025-06-17,4.99,4.99,4.97,4.97,4.97,1301
HMAX,TO,2025-06-17,14.36,14.36,14.27,14.32,14.32,315076
HMM-A,TO,2025-06-17,9.2,9.2,9.2,9.2,9.2,154
HMMJ,TO,2025-06-17,6.71,6.71,6.63,6.63,6.63,8372
HMMJ-U,TO,2025-06-17,5.0,5.0,5.0,5.0,5.0,0
HMP,TO,2025-06-17,9.69,9.69,9.69,9.69,9.69,0
HND,TO,2025-06-17,5.89,5.99,5.73,5.74,5.74,3739504
HNU,TO,2025-06-17,36.11,37.1,35.52,37.07,37.07,523743
HOD,TO,2025-06-17,4.86,4.9,4.55,4.61,4.61,3396686
HOM-U,TO,2025-06-17,13.01,13.06,13.01,13.04,13.04,2669
HOM-UN,TO,2025-06-17,17.81,17.86,17.74,17.78,17.78,20116
HOT-U,TO,2025-06-17,0.455,0.46,0.45,0.45,0.45,16500
HOT-UN,TO,2025-06-17,0.455,0.46,0.45,0.45,0.45,16500
HOU,TO,2025-06-17,12.81,13.57,12.73,13.42,13.42,1916439
HPF,TO,2025-06-17,3.08,3.08,3.07,3.07,3.07,3360
HPF-U,TO,2025-06-17,3.82,3.82,3.82,3.82,3.82,0
HPR,TO,2025-06-17,9.63,9.66,9.63,9.64,9.64,20325
HPS-A,TO,2025-06-17,115.33,116.75,113.03,113.5,113.5,19378
HPYM,TO,2025-06-17,10.85,10.85,10.82,10.84,10.84,19044
HPYM-U,TO,2025-06-17,11.03,11.05,11.03,11.045,11.045,1888
HPYT,TO,2025-06-17,8.97,9.02,8.955,9.02,9.02,122269
HPYT-B,TO,2025-06-17,9.1,9.2,9.1,9.195,9.195,6450
HPYT-U,TO,2025-06-17,9.34,9.35,9.34,9.34,9.34,13002
HR-UN,TO,2025-06-17,10.84,10.89,10.72,10.82,10.82,788873
HRIF,TO,2025-06-17,16.07,16.07,16.07,16.07,16.07,178
HSAV,TO,2025-06-17,115.39,115.4,115.33,115.4,115.4,31607
HSH,TO,2025-06-17,73.68,73.68,73.68,73.68,73.68,205
HSLV,TO,2025-06-17,2.61,2.75,2.6,2.69,2.69,91906
HSUV-U,TO,2025-06-17,115.32,115.35,115.25,115.35,115.35,3517
HTA,TO,2025-06-17,18.03,18.09,17.92,17.94,17.94,9490
HTA-U,TO,2025-06-17,19.92,19.92,19.92,19.92,19.92,0
HTAE,TO,2025-06-17,15.98,16.04,15.86,15.865,15.865,14878
HTB,TO,2025-06-17,57.55,57.61,57.55,57.61,57.61,3100
HTB-U,TO,2025-06-17,42.31,42.31,42.31,42.31,42.31,0
HUBL,TO,2025-06-17,12.3,12.37,12.27,12.28,12.28,7011
HUBL-U,TO,2025-06-17,14.05,14.05,14.05,14.05,14.05,500
HUC,TO,2025-06-17,21.4,21.86,21.35,21.71,21.71,13843
HUG,TO,2025-06-17,25.83,25.83,25.64,25.7,25.7,6087
HULC,TO,2025-06-17,99.39,99.39,99.28,99.3,99.3,632
HULC-U,TO,2025-06-17,72.82,73.04,72.82,73.04,73.04,349
HUM,TO,2025-06-17,34.34,34.34,34.34,34.34,34.34,0
HUN,TO,2025-06-17,9.1,9.11,9.07,9.07,9.07,2305
HURA,TO,2025-06-17,42.38,42.38,41.4,41.7,41.7,5942
HUT,TO,2025-06-17,24.51,24.54,22.85,23.19,23.19,1424181
HUTE,TO,2025-06-17,10.86,10.86,10.77,10.81,10.81,19081
HUTL,TO,2025-06-17,18.22,18.22,18.06,18.105,18.105,13417
HUTS,TO,2025-06-17,12.78,12.83,12.71,12.775,12.775,15200
HUZ,TO,2025-06-17,15.96,16.05,15.93,16.0,16.0,9122
HVOI,TO,2025-06-17,12.9,12.9,12.88,12.88,12.88,9760
HVOL,TO,2025-06-17,13.07,13.07,13.07,13.07,13.07,1300
HWO,TO,2025-06-17,0.83,0.88,0.82,0.82,0.82,61600
HWX,TO,2025-06-17,7.09,7.22,7.05,7.19,7.19,579260
HXCN,TO,2025-06-17,44.21,44.21,44.1,44.12,44.12,17225
HXDM,TO,2025-06-17,52.41,52.41,52.12,52.21,52.21,12451
HXDM-U,TO,2025-06-17,38.3,38.3,38.3,38.3,38.3,1720
HXE,TO,2025-06-17,38.48,38.83,38.48,38.74,38.74,2345
HXEM,TO,2025-06-17,40.14,40.14,39.87,39.87,39.87,411
HXF,TO,2025-06-17,90.33,90.33,90.33,90.33,90.33,0
HXH,TO,2025-06-17,57.235,57.235,57.23,57.23,57.23,245
HXQ,TO,2025-06-17,85.1,85.3,84.89,85.03,85.03,21669
HXQ-U,TO,2025-06-17,62.64,62.74,62.32,62.32,62.32,3905
HXS,TO,2025-06-17,84.0,84.23,83.89,83.95,83.95,20575
HXS-U,TO,2025-06-17,62.03,62.03,62.03,62.03,62.03,0
HXT,TO,2025-06-17,69.8,69.85,69.49,69.7,69.7,547088
HXT-U,TO,2025-06-17,51.37,51.37,51.05,51.05,51.05,1100
HXX,TO,2025-06-17,59.61,59.61,58.63,58.63,58.63,538
HYBR,TO,2025-06-17,9.87,9.99,9.87,9.99,9.99,2908
HYLD,TO,2025-06-17,13.4,13.42,13.3,13.315,13.315,131471
HYLD-U,TO,2025-06-17,14.09,14.09,13.93,13.93,13.93,8453
IAG,TO,2025-06-17,143.25,144.52,141.47,142.56,142.56,183348
IAU,TO,2025-06-17,0.97,0.98,0.93,0.97,0.97,401464
ICAE,TO,2025-06-17,24.01,24.05,24.01,24.05,24.05,200
ICE,TO,2025-06-17,4.0,4.0,4.0,4.0,4.0,0
ICPB,TO,2025-06-17,9.36,9.36,9.35,9.35,9.35,3000
IDIV-B,TO,2025-06-17,15.88,15.91,15.85,15.86,15.86,13989
IE,TO,2025-06-17,11.1,11.16,10.87,10.87,10.87,5900
IFA,TO,2025-06-17,1.0,1.0,1.0,1.0,1.0,714
IFC,TO,2025-06-17,308.78,309.96,306.02,307.19,307.19,140000
IFC-PA,TO,2025-06-17,21.57,21.615,21.55,21.55,21.55,920
IFC-PC,TO,2025-06-17,23.415,23.415,23.28,23.28,23.28,4100
IFC-PE,TO,2025-06-17,23.03,23.18,23.03,23.18,23.18,300
IFC-PF,TO,2025-06-17,23.36,23.36,23.11,23.11,23.11,590
IFC-PG,TO,2025-06-17,24.55,24.55,24.54,24.54,24.54,600
IFC-PI,TO,2025-06-17,23.47,23.64,23.47,23.54,23.54,2835
IFC-PK,TO,2025-06-17,23.0,23.0,23.0,23.0,23.0,0
IFP,TO,2025-06-17,13.07,13.12,12.5,12.52,12.52,256666
IFRF,TO,2025-06-17,7.97,7.97,7.97,7.97,7.97,0
IGAF,TO,2025-06-17,15.13,15.13,15.13,15.13,15.13,0
IGB,TO,2025-06-17,18.21,18.27,18.21,18.26,18.26,1721
IGBT-UN,TO,2025-06-17,10.5,10.5,10.5,10.5,10.5,4700
IGCF,TO,2025-06-17,16.16,16.16,16.16,16.16,16.16,0
IGM,TO,2025-06-17,43.49,43.69,43.11,43.27,43.27,300222
IICE,TO,2025-06-17,24.67,24.7,24.67,24.68,24.68,1128
III,TO,2025-06-17,5.35,5.4,5.23,5.28,5.28,51718
IIP-UN,TO,2025-06-17,13.58,13.6,13.57,13.57,13.57,685699
ILGB,TO,2025-06-17,8.86,8.86,8.86,8.86,8.86,600
ILLM,TO,2025-06-17,1.86,1.9,1.81,1.85,1.85,232026
IMG,TO,2025-06-17,10.16,10.33,10.04,10.28,10.28,1102134
IMO,TO,2025-06-17,111.61,112.0,110.69,111.3,111.3,499191
IMP,TO,2025-06-17,2.19,2.19,2.04,2.09,2.09,152429
INAI,TO,2025-06-17,30.5,30.5,30.5,30.5,30.5,0
INC-UN,TO,2025-06-17,8.25,8.25,8.25,8.25,8.25,1300
INE,TO,2025-06-17,13.77,13.78,13.77,13.77,13.77,387575
INE-PA,TO,2025-06-17,25.01,25.01,25.0,25.0,25.0,1900
INE-PC,TO,2025-06-17,25.02,25.02,25.02,25.02,25.02,3900
INO-UN,TO,2025-06-17,0.96,0.96,0.93,0.93,0.93,26008
INOC,TO,2025-06-17,15.87,15.87,15.87,15.87,15.87,0
IPCO,TO,2025-06-17,23.39,23.53,22.96,23.53,23.53,244876
IPO,TO,2025-06-17,9.85,10.23,9.78,10.19,10.19,139835
IQD,TO,2025-06-17,34.78,34.78,34.61,34.68,34.68,130795
IQD-B,TO,2025-06-17,31.74,31.74,31.74,31.74,31.74,386
IS,TO,2025-06-17,14.96,14.96,14.85,14.87,14.87,2062
ISC,TO,2025-06-17,31.27,32.3,31.27,31.8,31.8,76558
ISCB,TO,2025-06-17,10.75,10.75,10.75,10.75,10.75,2250
ISIF,TO,2025-06-17,12.34,12.34,12.34,12.34,12.34,0
ISO,TO,2025-06-17,9.83,9.85,9.56,9.65,9.65,375016
ITH,TO,2025-06-17,1.2,1.27,1.2,1.24,1.24,15100
IUAE,TO,2025-06-17,23.11,23.11,23.11,23.11,23.11,100
IUFR-U,TO,2025-06-17,20.21,20.21,20.19,20.19,20.19,1100
IUMF,TO,2025-06-17,23.24,23.24,23.24,23.24,23.24,665
IUTE,TO,2025-06-17,25.0,25.0,25.0,25.0,25.0,0
IVN,TO,2025-06-17,10.64,10.75,10.41,10.42,10.42,2642268
IVQ,TO,2025-06-17,0.13,0.145,0.13,0.145,0.145,79934
IVQ-U,TO,2025-06-17,0.095,0.11,0.095,0.11,0.11,124500
IWBE,TO,2025-06-17,17.64,17.64,17.64,17.64,17.64,0
IXTE,TO,2025-06-17,23.71,23.72,23.71,23.72,23.72,250
JAG,TO,2025-06-17,3.8,3.82,3.76,3.79,3.79,36852
JAPN,TO,2025-06-17,51.34,51.34,51.34,51.34,51.34,0
JAPN-B,TO,2025-06-17,36.04,36.04,36.01,36.02,36.02,8400
JAVA,TO,2025-06-17,23.67,23.67,23.67,23.67,23.67,0
JCOR,TO,2025-06-17,24.9,24.9,24.9,24.9,24.9,605
JEPI,TO,2025-06-17,24.31,24.31,24.25,24.27,24.27,6175
JEPQ,TO,2025-06-17,24.54,24.71,24.54,24.7,24.7,11161
JFS-UN,TO,2025-06-17,24.43,24.43,24.17,24.17,24.17,800
JOY,TO,2025-06-17,2.11,2.17,2.11,2.16,2.16,145818
JWEL,TO,2025-06-17,36.05,36.23,35.92,36.07,36.07,34388
K,TO,2025-06-17,21.22,21.36,20.99,21.31,21.31,3023701
KBL,TO,2025-06-17,34.97,35.18,34.66,34.91,34.91,28523
KEC,TO,2025-06-17,18.46,19.0,18.4,19.0,19.0,7092
KEG-UN,TO,2025-06-17,18.59,18.74,18.59,18.7,18.7,386829
KEI,TO,2025-06-17,9.66,10.16,9.57,9.9,9.9,45927
KEL,TO,2025-06-17,7.61,7.7,7.56,7.6,7.6,457412
KEY,TO,2025-06-17,41.71,42.13,41.59,42.07,42.07,4152101
KILO,TO,2025-06-17,49.55,49.55,49.1,49.37,49.37,17406
KILO-B,TO,2025-06-17,54.64,54.65,54.64,54.65,54.65,468
KILO-U,TO,2025-06-17,52.3,52.45,52.3,52.37,52.37,350
KITS,TO,2025-06-17,13.65,13.84,13.4,13.72,13.72,11394
KLS,TO,2025-06-17,0.14,0.15,0.14,0.15,0.15,4000
KMP-UN,TO,2025-06-17,19.39,19.39,19.14,19.37,19.37,198588
KNGC,TO,2025-06-17,12.02,12.02,12.02,12.02,12.02,400
KNGU,TO,2025-06-17,10.26,10.26,10.26,10.26,10.26,1010
KNT,TO,2025-06-17,15.85,16.065,15.74,16.0,16.0,507730
KPT,TO,2025-06-17,9.24,9.24,9.18,9.18,9.18,4554
KRN,TO,2025-06-17,0.17,0.17,0.17,0.17,0.17,13800
KSI,TO,2025-06-17,6.5,6.53,6.16,6.19,6.19,61069
KXS,TO,2025-06-17,200.44,201.3,199.51,200.7,200.7,35978
L,TO,2025-06-17,220.0,221.58,220.0,221.49,221.49,228674
LABS,TO,2025-06-17,0.08,0.08,0.08,0.08,0.08,377000
LAC,TO,2025-06-17,3.59,3.61,3.57,3.58,3.58,221824
LAM,TO,2025-06-17,0.75,0.75,0.7,0.71,0.71,290313
LAR,TO,2025-06-17,2.81,2.86,2.76,2.83,2.83,177396
LAS-A,TO,2025-06-17,217.0,217.01,215.0,217.01,217.01,2471
LB,TO,2025-06-17,30.08,30.3,30.05,30.29,30.29,165672
LB-PH,TO,2025-06-17,22.5,22.5,22.4,22.4,22.4,1878
LBIT,TO,2025-06-17,24.5,24.5,24.15,24.15,24.15,1100
LBIT-U,TO,2025-06-17,25.66,25.66,25.66,25.66,25.66,0
LBS,TO,2025-06-17,9.33,9.36,9.22,9.25,9.25,87448
LBS-PA,TO,2025-06-17,10.96,10.96,10.89,10.91,10.91,20042
LCFS,TO,2025-06-17,2.77,2.77,2.74,2.74,2.74,4777
LCS,TO,2025-06-17,8.72,8.77,8.62,8.62,8.62,12427
LCS-PA,TO,2025-06-17,11.31,11.31,11.31,11.31,11.31,200
LEAD,TO,2025-06-17,22.47,22.47,22.47,22.47,22.47,527
LEAD-B,TO,2025-06-17,24.19,24.19,24.19,24.19,24.19,0
LETH,TO,2025-06-17,25.67,25.67,25.02,25.02,25.02,1100
LFE,TO,2025-06-17,6.44,6.45,6.38,6.39,6.39,39519
LFE-PB,TO,2025-06-17,10.65,10.71,10.65,10.71,10.71,6400
LGD,TO,2025-06-17,0.325,0.33,0.315,0.325,0.325,674350
LGO,TO,2025-06-17,1.75,1.77,1.74,1.76,1.76,12471
LIF,TO,2025-06-17,28.82,28.84,28.67,28.72,28.72,178043
LIFE,TO,2025-06-17,18.57,18.57,18.41,18.43,18.43,71037
LIFE-B,TO,2025-06-17,22.6,22.6,22.6,22.6,22.6,1200
LIRC,TO,2025-06-17,5.3,5.37,5.21,5.37,5.37,934
LLHE,TO,2025-06-17,8.51,8.51,8.36,8.4,8.4,40296
LLHE-U,TO,2025-06-17,8.48,8.48,8.38,8.38,8.38,824
LLYH,TO,2025-06-17,9.25,9.28,9.25,9.27,9.27,1210
LLYH-U,TO,2025-06-17,9.35,9.35,9.35,9.35,9.35,0
LMAX,TO,2025-06-17,13.59,13.59,13.43,13.435,13.435,28903
LN,TO,2025-06-17,0.55,0.55,0.51,0.51,0.51,164959
LNF,TO,2025-06-17,27.82,28.04,27.33,27.33,27.33,9192
LNR,TO,2025-06-17,63.3,63.665,62.49,62.94,62.94,62114
LONG,TO,2025-06-17,35.1,35.1,35.1,35.1,35.1,0
LPAY,TO,2025-06-17,24.4,24.4,24.4,24.4,24.4,622
LPAY-U,TO,2025-06-17,17.72,17.72,17.72,17.72,17.72,0
LSPD,TO,2025-06-17,15.35,15.39,15.11,15.37,15.37,205135
LUC,TO,2025-06-17,0.235,0.235,0.23,0.235,0.235,92505
LUG,TO,2025-06-17,72.68,73.54,72.06,73.46,73.46,760049
LUN,TO,2025-06-17,13.99,14.07,13.74,13.8,13.8,2123317
LYCT,TO,2025-06-17,10.48,10.48,10.48,10.48,10.48,0
LYFR,TO,2025-06-17,10.14,10.14,10.14,10.14,10.14,0
MAG,TO,2025-06-17,29.11,29.57,29.08,29.57,29.57,245790
MAL,TO,2025-06-17,18.81,19.06,18.37,18.6,18.6,31981
MARI,TO,2025-06-17,5.54,5.72,5.54,5.66,5.66,7658
MART,TO,2025-06-17,23.77,23.82,23.73,23.77,23.77,8834
MATR,TO,2025-06-17,11.44,11.8,11.34,11.39,11.39,181860
MAU,TO,2025-06-17,4.59,4.62,4.42,4.58,4.58,114305
MAYB-F,TO,2025-06-17,45.83,45.83,45.83,45.83,45.83,1815
MBAL,TO,2025-06-17,25.9,25.9,25.9,25.9,25.9,1417
MBX,TO,2025-06-17,0.3,0.3,0.3,0.3,0.3,0
MCAD,TO,2025-06-17,100.15,100.15,100.15,100.15,100.15,2140
MCAN,TO,2025-06-17,10.33,10.33,10.33,10.33,10.33,0
MCB,TO,2025-06-17,4.07,4.18,4.04,4.14,4.14,25115
MCLC,TO,2025-06-17,45.06,45.07,45.06,45.07,45.07,205
MCSB,TO,2025-06-17,19.84,19.84,19.84,19.84,19.84,7284
MCSM,TO,2025-06-17,46.98,46.98,46.98,46.98,46.98,668
MDA,TO,2025-06-17,29.96,30.2,29.67,29.96,29.96,215793
MDI,TO,2025-06-17,9.18,9.53,9.13,9.38,9.38,272736
MDIF,TO,2025-06-17,25.51,25.51,25.51,25.51,25.51,0
MDIV,TO,2025-06-17,17.29,17.31,17.29,17.31,17.31,322
MDNA,TO,2025-06-17,0.9,0.91,0.89,0.91,0.91,26925
MDP,TO,2025-06-17,3.05,3.1,3.0,3.03,3.03,35137
MEG,TO,2025-06-17,26.55,27.0,26.45,26.66,26.66,1313800
MEME-B,TO,2025-06-17,31.13,31.34,31.13,31.34,31.34,278
MEQ,TO,2025-06-17,186.17,191.6,186.17,190.99,190.99,2010
MEQT,TO,2025-06-17,26.28,26.28,26.28,26.28,26.28,0
MER,TO,2025-06-17,1.8,1.81,1.78,1.81,1.81,1207470
META,TO,2025-06-17,38.51,38.67,38.16,38.23,38.23,136600
METE,TO,2025-06-17,12.23,12.32,12.23,12.27,12.27,7451
MFC,TO,2025-06-17,42.31,42.55,41.95,42.12,42.12,6200253
MFC-PB,TO,2025-06-17,20.57,20.57,20.53,20.54,20.54,502
MFC-PC,TO,2025-06-17,20.06,20.06,20.03,20.06,20.06,845
MFC-PF,TO,2025-06-17,17.46,17.46,17.45,17.45,17.45,1100
MFC-PI,TO,2025-06-17,24.81,24.81,24.81,24.81,24.81,500
MFC-PJ,TO,2025-06-17,25.2,25.2,25.2,25.2,25.2,0
MFC-PK,TO,2025-06-17,24.56,24.56,24.56,24.56,24.56,0
MFC-PL,TO,2025-06-17,23.5,23.5,23.45,23.45,23.45,1400
MFC-PM,TO,2025-06-17,23.14,23.16,23.09,23.09,23.09,2200
MFC-PN,TO,2025-06-17,22.15,22.15,22.01,22.01,22.01,570
MFC-PP,TO,2025-06-17,17.3,17.3,17.3,17.3,17.3,0
MFC-PQ,TO,2025-06-17,24.81,24.85,24.77,24.77,24.77,41300
MFC4644,TO,2025-06-17,58.1702,58.1702,58.1702,58.1702,58.1702,0
MFI,TO,2025-06-17,27.82,27.955,27.62,27.88,27.88,84411
MFT,TO,2025-06-17,16.48,16.51,16.48,16.48,16.48,10377
MFUN,TO,2025-06-17,10.22,10.22,10.22,10.22,10.22,0
MG,TO,2025-06-17,51.13,51.17,50.46,50.86,50.86,1351189
MGA,TO,2025-06-17,0.31,0.31,0.295,0.31,0.31,806282
MGB,TO,2025-06-17,15.93,15.93,15.93,15.93,15.93,0
MGRW,TO,2025-06-17,29.58,29.58,29.58,29.58,29.58,114
MHC-U,TO,2025-06-17,17.8,17.9,17.76,17.9,17.9,38260
MHCD,TO,2025-06-17,10.79,10.79,10.7,10.7,10.7,3904
MI-UN,TO,2025-06-17,14.49,14.58,14.4,14.54,14.54,131762
MIC-PA,TO,2025-06-17,22.05,22.05,22.05,22.05,22.05,1000
MID-UN,TO,2025-06-17,7.06,7.25,7.06,7.07,7.07,4900
MIDB,TO,2025-06-17,19.72,19.72,19.72,19.72,19.72,200
MIDB-U,TO,2025-06-17,19.5,19.5,19.5,19.5,19.5,0
MINF,TO,2025-06-17,9.98,9.98,9.98,9.98,9.98,138
MINT,TO,2025-06-17,40.66,40.67,40.52,40.52,40.52,1910
MINT-B,TO,2025-06-17,37.19,37.19,37.19,37.19,37.19,0
MIVG,TO,2025-06-17,37.04,37.04,37.04,37.04,37.04,0
MIX,TO,2025-06-17,17.0,17.0,16.95,16.95,16.95,6272
MKB,TO,2025-06-17,19.06,19.07,19.03,19.06,19.06,17446
MKP,TO,2025-06-17,19.01,19.08,18.91,19.05,19.05,60500
MMP-UN,TO,2025-06-17,2.32,2.32,2.32,2.32,2.32,0
MND,TO,2025-06-17,5.08,5.23,5.08,5.1,5.1,45018
MNO,TO,2025-06-17,0.88,0.88,0.865,0.87,0.87,84500
MNS,TO,2025-06-17,29.31,29.31,29.31,29.31,29.31,312
MNT,TO,2025-06-17,50.23,50.42,49.98,50.24,50.24,45425
MNT-U,TO,2025-06-17,36.77,36.77,36.77,36.77,36.77,600
MNU-U,TO,2025-06-17,100.24,100.24,100.24,100.24,100.24,121
MNY,TO,2025-06-17,100.15,100.16,100.15,100.15,100.15,9543
MOGO,TO,2025-06-17,1.7,1.7,1.57,1.63,1.63,49994
MPAY,TO,2025-06-17,24.99,25.23,24.99,25.22,25.22,4599
MPAY-U,TO,2025-06-17,18.38,18.38,18.38,18.38,18.38,0
MPC,TO,2025-06-17,5.35,5.35,5.35,5.35,5.35,0
MPC-C,TO,2025-06-17,5.35,5.35,5.35,5.35,5.35,0
MPCT-UN,TO,2025-06-17,2.66,2.73,2.66,2.7,2.7,8229
MPVD,TO,2025-06-17,0.07,0.07,0.07,0.07,0.07,0
MPY,TO,2025-06-17,9.5,9.5,9.5,9.5,9.5,300
MRC,TO,2025-06-17,113.5,113.51,113.0,113.0,113.0,2066
MRD,TO,2025-06-17,13.97,14.02,13.97,14.02,14.02,1395
MRE,TO,2025-06-17,8.36,8.4,8.3,8.4,8.4,61035
MREL,TO,2025-06-17,12.3,12.3,12.27,12.27,12.27,5154
MRG-UN,TO,2025-06-17,18.33,18.33,18.13,18.2,18.2,4773
MRT-UN,TO,2025-06-17,5.76,5.76,5.75,5.75,5.75,8500
MRU,TO,2025-06-17,103.93,104.25,103.23,103.79,103.79,342650
MSA,TO,2025-06-17,2.45,2.47,2.36,2.37,2.37,114492
MSCL,TO,2025-06-17,0.52,0.55,0.52,0.55,0.55,72807
MSFH,TO,2025-06-17,11.83,11.89,11.83,11.89,11.89,5765
MSFH-U,TO,2025-06-17,11.85,11.85,11.85,11.85,11.85,0
MSFT,TO,2025-06-17,34.35,34.54,34.23,34.47,34.47,65480
MSFU,TO,2025-06-17,21.68,21.68,21.68,21.68,21.68,100
MSHE,TO,2025-06-17,11.82,11.86,11.81,11.86,11.86,5221
MSHE-U,TO,2025-06-17,11.82,11.82,11.82,11.82,11.82,0
MSRE-UN,TO,2025-06-17,7.49,7.49,7.49,7.49,7.49,0
MSTE,TO,2025-06-17,16.05,16.16,15.675,16.09,16.09,410800
MSTY,TO,2025-06-17,11.22,11.26,11.0,11.26,11.26,214832
MSV,TO,2025-06-17,0.23,0.235,0.23,0.23,0.23,7500
MTL,TO,2025-06-17,14.3,14.33,14.03,14.07,14.07,225264
MTRX,TO,2025-06-17,20.72,20.72,20.72,20.72,20.72,200
MTY,TO,2025-06-17,40.895,41.41,40.53,41.04,41.04,98340
MUB,TO,2025-06-17,18.07,18.185,18.07,18.185,18.185,11589
MULC,TO,2025-06-17,53.04,53.04,53.04,53.04,53.04,0
MULC-B,TO,2025-06-17,59.08,59.1,59.0,59.0,59.0,300
MUMC,TO,2025-06-17,43.96,43.96,43.96,43.96,43.96,0
MUMC-B,TO,2025-06-17,49.45,49.45,49.45,49.45,49.45,0
MUSA,TO,2025-06-17,20.21,20.21,20.21,20.21,20.21,0
MUX,TO,2025-06-17,13.21,13.21,12.64,12.85,12.85,37144
MWLV,TO,2025-06-17,24.39,24.41,24.37,24.41,24.41,6745
MX,TO,2025-06-17,48.49,49.87,47.93,49.35,49.35,355744
MXG,TO,2025-06-17,4.68,4.68,4.54,4.54,4.54,1590
NA,TO,2025-06-17,135.57,136.4,135.08,135.54,135.54,1430404
NA-PC,TO,2025-06-17,26.5,26.51,26.45,26.51,26.51,15503
NA-PE,TO,2025-06-17,25.1,25.1,24.95,25.01,25.01,7640
NA-PG,TO,2025-06-17,26.2,26.2,26.2,26.2,26.2,0
NA-PS,TO,2025-06-17,25.12,25.14,25.07,25.07,25.07,3895
NALT,TO,2025-06-17,21.44,21.53,21.44,21.53,21.53,1900
NANO,TO,2025-06-17,0.61,0.61,0.6,0.61,0.61,21291
NCF,TO,2025-06-17,0.115,0.12,0.105,0.105,0.105,131484
NDM,TO,2025-06-17,1.73,1.84,1.72,1.76,1.76,704976
NEO,TO,2025-06-17,11.92,12.44,11.91,12.27,12.27,154900
NEXT,TO,2025-06-17,0.235,0.235,0.225,0.225,0.225,27123
NFI,TO,2025-06-17,15.46,15.92,15.46,15.9,15.9,156416
NFLY,TO,2025-06-17,13.65,13.65,13.65,13.65,13.65,4227
NG,TO,2025-06-17,5.92,6.06,5.91,6.0,6.0,279428
NGD,TO,2025-06-17,6.6,6.705,6.49,6.67,6.67,1192885
NGEX,TO,2025-06-17,14.82,15.05,14.74,15.04,15.04,85302
NGPE,TO,2025-06-17,48.5,48.5,48.29,48.29,48.29,364
NGT,TO,2025-06-17,79.36,80.22,78.99,79.88,79.88,208031
NGUP,TO,2025-06-17,24.6,24.6,24.6,24.6,24.6,175
NHYB,TO,2025-06-17,21.81,21.81,21.81,21.81,21.81,0
NINT,TO,2025-06-17,26.46,26.46,26.42,26.46,26.46,3210
NOA,TO,2025-06-17,24.21,24.59,24.09,24.53,24.53,40265
NOU,TO,2025-06-17,2.34,2.39,2.34,2.37,2.37,13277
NOVB-F,TO,2025-06-17,43.85,43.85,43.85,43.85,43.85,500
NPI,TO,2025-06-17,22.03,22.06,21.65,21.75,21.75,662555
NPI-PA,TO,2025-06-17,21.42,21.42,21.42,21.42,21.42,0
NPI-PB,TO,2025-06-17,21.71,21.71,21.6,21.6,21.6,500
NPK,TO,2025-06-17,0.485,0.55,0.485,0.55,0.55,168342
NPRF,TO,2025-06-17,24.72,24.75,24.7,24.7,24.7,1536
NPS,TO,2025-06-17,11.84,11.93,11.84,11.9,11.9,1886
NREA,TO,2025-06-17,23.72,23.72,23.72,23.72,23.72,300
NRGD,TO,2025-06-17,19.41,19.41,18.98,19.17,19.17,28101
NRGU,TO,2025-06-17,28.79,29.41,28.79,29.22,29.22,66671
NRGY,TO,2025-06-17,20.59,20.59,20.5,20.55,20.55,1252
NRR-UN,TO,2025-06-17,16.88,17.18,16.88,16.93,16.93,604
NSCB,TO,2025-06-17,22.5,22.54,22.5,22.54,22.54,2740
NSCC,TO,2025-06-17,22.56,22.56,22.56,22.56,22.56,300
NSCE,TO,2025-06-17,48.04,48.04,47.98,47.98,47.98,3334
NSGE,TO,2025-06-17,40.55,40.56,40.55,40.56,40.56,400
NSSB,TO,2025-06-17,10.21,10.21,10.21,10.21,10.21,0
NTR,TO,2025-06-17,84.93,85.48,84.18,84.55,84.55,1551866
NUAG,TO,2025-06-17,2.02,2.1,1.94,2.02,2.02,75385
NUBF,TO,2025-06-17,21.3,21.31,21.3,21.31,21.31,2204
NUMI,TO,2025-06-17,0.05,0.05,0.05,0.05,0.05,0
NUSA,TO,2025-06-17,44.79,44.79,44.79,44.79,44.79,144
NVA,TO,2025-06-17,15.58,15.83,15.41,15.7,15.7,961563
NVDA,TO,2025-06-17,33.29,33.4,33.08,33.15,33.15,598900
NVDH,TO,2025-06-17,11.11,11.19,11.11,11.17,11.17,6759
NVDH-U,TO,2025-06-17,11.12,11.12,11.12,11.12,11.12,0
NVDU,TO,2025-06-17,21.25,21.27,21.25,21.27,21.27,320
NVHE,TO,2025-06-17,10.53,10.58,10.5,10.55,10.55,65146
NVHE-U,TO,2025-06-17,10.48,10.48,10.48,10.48,10.48,0
NVO,TO,2025-06-17,0.11,0.11,0.1,0.105,0.105,50100
NWC,TO,2025-06-17,49.7,50.03,49.48,49.84,49.84,100993
NWH-UN,TO,2025-06-17,5.01,5.06,5.0,5.02,5.02,547202
NXE,TO,2025-06-17,9.58,9.59,9.29,9.4,9.4,1541762
NXF,TO,2025-06-17,5.55,5.6,5.55,5.58,5.58,12198
NXF-B,TO,2025-06-17,7.36,7.39,7.36,7.38,7.38,444
NXR-UN,TO,2025-06-17,7.41,7.45,7.32,7.36,7.36,86754
NXTG,TO,2025-06-17,12.58,12.58,12.58,12.58,12.58,0
OBE,TO,2025-06-17,7.78,8.21,7.75,8.18,8.18,731225
OGC,TO,2025-06-17,6.9,6.93,6.83,6.87,6.87,2094472
OGD,TO,2025-06-17,1.51,1.55,1.47,1.54,1.54,139234
OGI,TO,2025-06-17,1.94,1.94,1.87,1.88,1.88,34149
OILY,TO,2025-06-17,9.57,9.57,9.56,9.56,9.56,1245
OLA,TO,2025-06-17,15.66,15.74,15.33,15.47,15.47,752647
OLY,TO,2025-06-17,121.9,121.98,118.26,121.98,121.98,1802
ONC,TO,2025-06-17,0.9,0.9,0.84,0.89,0.89,145335
ONEB,TO,2025-06-17,49.09,49.09,49.09,49.09,49.09,0
ONEC,TO,2025-06-17,23.63,23.63,23.63,23.63,23.63,0
ONEQ,TO,2025-06-17,44.33,44.33,44.33,44.33,44.33,0
ONEX,TO,2025-06-17,104.95,105.81,104.425,104.87,104.87,106099
OPT,TO,2025-06-17,1.64,2.06,1.64,1.82,1.82,6525
OR,TO,2025-06-17,35.74,35.75,35.23,35.66,35.66,127462
ORA,TO,2025-06-17,38.3,39.13,37.6,37.86,37.86,148737
ORE,TO,2025-06-17,1.33,1.36,1.31,1.31,1.31,736287
ORV,TO,2025-06-17,0.57,0.58,0.55,0.57,0.57,18332
OTEX,TO,2025-06-17,38.6,38.79,38.48,38.62,38.62,804738
OVV,TO,2025-06-17,56.94,57.43,56.2,56.86,56.86,141155
PAAS,TO,2025-06-17,39.85,40.11,39.26,40.04,40.04,1442296
PABF,TO,2025-06-17,23.99,23.99,23.99,23.99,23.99,800
PAGF,TO,2025-06-17,25.29,25.32,25.29,25.32,25.32,20400
PAYF,TO,2025-06-17,19.0,19.0,18.98,19.0,19.0,5600
PAYL,TO,2025-06-17,18.57,18.57,18.57,18.57,18.57,407
PAYM,TO,2025-06-17,19.05,19.09,19.05,19.09,19.09,515
PAYS,TO,2025-06-17,19.2,19.245,19.2,19.24,19.24,13150
PBD,TO,2025-06-17,16.56,16.56,16.56,16.56,16.56,1000
PBH,TO,2025-06-17,79.43,79.61,78.68,79.11,79.11,40267
PBI,TO,2025-06-17,46.73,46.73,46.73,46.73,46.73,100
PBI-B,TO,2025-06-17,59.44,59.44,59.44,59.44,59.44,0
PBL,TO,2025-06-17,22.9,22.9,22.08,22.08,22.08,4926
PBY-UN,TO,2025-06-17,16.0,16.02,15.89,15.91,15.91,5600
PCOR,TO,2025-06-17,18.16,18.16,18.16,18.16,18.16,588
PD,TO,2025-06-17,68.76,70.95,68.76,70.29,70.29,110105
PDC,TO,2025-06-17,35.67,35.67,35.59,35.63,35.63,1128
PDF,TO,2025-06-17,34.28,34.33,34.24,34.25,34.25,1800
PDIV,TO,2025-06-17,9.19,9.19,9.12,9.13,9.13,19439
PDN,TO,2025-06-17,6.66,6.7,6.51,6.56,6.56,125734
PDV,TO,2025-06-17,8.54,8.54,8.49,8.49,8.49,1500
PDV-PA,TO,2025-06-17,10.66,10.66,10.66,10.66,10.66,0
PEA,TO,2025-06-17,0.37,0.375,0.36,0.36,0.36,21108
PET,TO,2025-06-17,31.77,32.28,31.64,32.17,32.17,280879
PEY,TO,2025-06-17,20.84,21.12,20.58,20.66,20.66,869811
PFAA,TO,2025-06-17,12.04,12.06,12.01,12.06,12.06,46502
PFAE,TO,2025-06-17,22.3,22.3,22.22,22.22,22.22,1124
PFCB,TO,2025-06-17,10.64,10.7,10.63,10.69,10.69,6435
PFH-F,TO,2025-06-17,17.84,17.84,17.84,17.84,17.84,100
PFIA,TO,2025-06-17,10.1,10.12,10.1,10.12,10.12,25217
PFL,TO,2025-06-17,19.49,19.5,19.49,19.49,19.49,28797
PFLS,TO,2025-06-17,19.43,19.43,19.17,19.24,19.24,1282
PFMN,TO,2025-06-17,15.78,15.78,15.69,15.7,15.7,17755
PFSS,TO,2025-06-17,9.6,9.6,9.6,9.6,9.6,0
PGI-UN,TO,2025-06-17,7.14,7.21,7.14,7.2,7.2,29514
PGIC,TO,2025-06-17,5.97,5.97,5.86,5.86,5.86,2500
PGIC-PA,TO,2025-06-17,10.77,10.87,10.77,10.8,10.8,4100
PHE,TO,2025-06-17,36.79,36.79,36.79,36.79,36.79,0
PHE-B,TO,2025-06-17,40.47,40.47,40.44,40.44,40.44,1500
PHW,TO,2025-06-17,19.81,19.81,19.81,19.81,19.81,0
PHX,TO,2025-06-17,8.75,9.05,8.75,8.88,8.88,169189
PHYS,TO,2025-06-17,35.35,35.51,35.11,35.455,35.455,72603
PHYS-U,TO,2025-06-17,25.95,26.01,25.92,25.97,25.97,3497
PIC-A,TO,2025-06-17,5.85,5.85,5.7,5.75,5.75,72080
PIC-PA,TO,2025-06-17,15.66,15.68,15.63,15.66,15.66,4781
PID,TO,2025-06-17,26.14,26.14,26.06,26.12,26.12,2300
PIF,TO,2025-06-17,12.13,12.22,12.0,12.0,12.0,12832
PIN,TO,2025-06-17,18.07,18.07,18.07,18.07,18.07,0
PINC,TO,2025-06-17,18.92,18.92,18.92,18.92,18.92,200
PINV,TO,2025-06-17,22.56,22.56,22.56,22.56,22.56,0
PKI,TO,2025-06-17,37.78,38.16,37.75,37.91,37.91,1309407
PLDI,TO,2025-06-17,18.58,18.58,18.58,18.58,18.58,0
PLTE,TO,2025-06-17,22.7,22.72,21.94,22.275,22.275,58078
PLV,TO,2025-06-17,25.74,25.75,25.74,25.75,25.75,200
PLZ-UN,TO,2025-06-17,3.92,3.92,3.88,3.89,3.89,44306
PME,TO,2025-06-17,2.93,2.94,2.93,2.94,2.94,1900
PMEI-UN,TO,2025-06-17,8.94,9.0,8.93,9.0,9.0,65589
PMET,TO,2025-06-17,2.19,2.21,2.135,2.16,2.16,319200
PMIF,TO,2025-06-17,17.88,17.92,17.88,17.92,17.92,65056
PMIF-U,TO,2025-06-17,19.33,19.33,19.29,19.33,19.33,3800
PMM,TO,2025-06-17,23.85,24.05,23.85,23.85,23.85,800
PMNT,TO,2025-06-17,18.98,18.98,18.98,18.98,18.98,0
PMZ-UN,TO,2025-06-17,14.67,14.74,14.6,14.64,14.64,1196506
PNC-A,TO,2025-06-17,1.34,1.34,1.34,1.34,1.34,0
PNC-B,TO,2025-06-17,1.42,1.42,1.42,1.42,1.42,0
PNE,TO,2025-06-17,0.63,0.68,0.63,0.67,0.67,291400
PNP,TO,2025-06-17,18.23,18.27,17.5,17.6,17.6,9960
POU,TO,2025-06-17,22.59,22.75,22.37,22.68,22.68,285932
POW,TO,2025-06-17,53.3,53.4,51.96,52.39,52.39,3668497
POW-PA,TO,2025-06-17,23.97,23.97,23.9,23.9,23.9,1000
POW-PB,TO,2025-06-17,23.05,23.05,23.05,23.05,23.05,250
POW-PC,TO,2025-06-17,24.71,24.71,24.59,24.59,24.59,3900
POW-PD,TO,2025-06-17,21.96,21.96,21.85,21.85,21.85,2065
POW-PG,TO,2025-06-17,23.85,23.9,23.78,23.78,23.78,28931
PPL,TO,2025-06-17,50.9,51.87,50.9,51.77,51.77,5759248
PPL-PA,TO,2025-06-17,23.85,23.9,23.82,23.9,23.9,4009
PPL-PC,TO,2025-06-17,23.8,23.8,23.8,23.8,23.8,500
PPL-PE,TO,2025-06-17,25.09,25.09,25.0,25.03,25.03,55100
PPL-PFA,TO,2025-06-17,25.0,25.1,25.0,25.1,25.1,3500
PPL-PFE,TO,2025-06-17,25.23,25.41,25.23,25.33,25.33,3100
PPL-PG,TO,2025-06-17,23.7,23.77,23.7,23.75,23.75,850
PPL-PI,TO,2025-06-17,24.95,24.95,24.95,24.95,24.95,500
PPL-PO,TO,2025-06-17,24.3,24.3,24.3,24.3,24.3,0
PPL-PQ,TO,2025-06-17,24.85,24.85,24.85,24.85,24.85,0
PPL-PS,TO,2025-06-17,24.97,24.97,24.97,24.97,24.97,1000
PPLN,TO,2025-06-17,10.95,10.98,10.95,10.96,10.96,1076
PPR,TO,2025-06-17,0.03,0.03,0.03,0.03,0.03,297661
PPTA,TO,2025-06-17,17.89,18.13,17.6,17.84,17.84,268694
PR,TO,2025-06-17,9.95,9.95,9.95,9.95,9.95,1200
PRA,TO,2025-06-17,30.05,30.05,29.95,29.98,29.98,2313
PRB,TO,2025-06-17,2.45,2.45,2.41,2.42,2.42,84173
PREF,TO,2025-06-17,10.65,10.67,10.63,10.65,10.65,2960
PRL,TO,2025-06-17,33.73,34.12,33.32,33.51,33.51,72515
PRM,TO,2025-06-17,11.64,11.64,11.57,11.57,11.57,1010
PRM-PA,TO,2025-06-17,10.15,10.15,10.15,10.15,10.15,0
PRN,TO,2025-06-17,9.49,9.49,9.1,9.31,9.31,7110
PRP,TO,2025-06-17,19.66,19.66,19.66,19.66,19.66,0
PRQ,TO,2025-06-17,1.4,1.4,1.34,1.34,1.34,23015
PRU,TO,2025-06-17,3.35,3.39,3.32,3.35,3.35,3907
PRV-UN,TO,2025-06-17,5.66,5.67,5.6,5.6,5.6,32715
PRYM,TO,2025-06-17,1.8,1.9,1.8,1.86,1.86,1598800
PSA,TO,2025-06-17,50.08,50.08,50.07,50.075,50.075,71779
PSB,TO,2025-06-17,18.0,18.0,17.97,18.0,18.0,1383
PSD,TO,2025-06-17,3.08,3.1,2.93,3.01,3.01,21050
PSI,TO,2025-06-17,12.9,13.03,12.86,12.93,12.93,131761
PSK,TO,2025-06-17,24.15,24.4,24.05,24.29,24.29,245601
PSLV,TO,2025-06-17,16.87,17.095,16.87,17.085,17.085,532712
PSLV-U,TO,2025-06-17,12.53,12.56,12.51,12.51,12.51,470
PSU-U,TO,2025-06-17,100.23,100.24,100.23,100.24,100.24,3056
PTI-UN,TO,2025-06-17,6.78,6.78,6.78,6.78,6.78,0
PTM,TO,2025-06-17,2.1,2.11,2.08,2.09,2.09,45050
PVS-PF,TO,2025-06-17,25.09,25.09,25.09,25.09,25.09,0
PVS-PG,TO,2025-06-17,25.25,25.25,25.25,25.25,25.25,250
PVS-PH,TO,2025-06-17,25.28,25.28,25.28,25.28,25.28,0
PVS-PJ,TO,2025-06-17,25.19,25.19,25.0,25.0,25.0,800
PVS-PK,TO,2025-06-17,25.07,25.07,24.93,25.05,25.05,7890
PWF-PA,TO,2025-06-17,13.43,13.43,13.43,13.43,13.43,0
PWF-PE,TO,2025-06-17,23.6,23.6,23.45,23.45,23.45,26875
PWF-PF,TO,2025-06-17,22.37,22.37,22.37,22.37,22.37,270
PWF-PFA,TO,2025-06-17,19.26,19.26,19.25,19.26,19.26,860
PWF-PG,TO,2025-06-17,24.8,24.82,24.7,24.7,24.7,6251
PWF-PH,TO,2025-06-17,24.24,24.25,24.2,24.2,24.2,31220
PWF-PK,TO,2025-06-17,21.03,21.03,21.02,21.02,21.02,1100
PWF-PL,TO,2025-06-17,21.67,21.67,21.67,21.67,21.67,0
PWF-PO,TO,2025-06-17,24.51,24.56,24.51,24.56,24.56,26400
PWF-PP,TO,2025-06-17,17.18,17.18,17.1,17.1,17.1,1100
PWF-PQ,TO,2025-06-17,17.22,17.22,17.22,17.22,17.22,100
PWF-PR,TO,2025-06-17,23.42,23.42,23.42,23.42,23.42,0
PWF-PS,TO,2025-06-17,20.63,20.63,20.51,20.51,20.51,725
PWF-PT,TO,2025-06-17,23.0,23.0,23.0,23.0,23.0,0
PWF-PZ,TO,2025-06-17,21.85,21.85,21.85,21.85,21.85,258
PWI,TO,2025-06-17,9.33,9.37,9.26,9.28,9.28,4882
PWI-PA,TO,2025-06-17,10.05,10.05,10.05,10.05,10.05,0
PXC,TO,2025-06-17,45.05,45.06,45.05,45.06,45.06,300
PXS,TO,2025-06-17,48.95,48.95,48.95,48.95,48.95,0
PXT,TO,2025-06-17,15.07,15.31,14.93,15.26,15.26,1051031
PXU-F,TO,2025-06-17,63.72,63.72,63.72,63.72,63.72,132
PYF,TO,2025-06-17,17.45,17.45,17.34,17.34,17.34,7160
PYF-U,TO,2025-06-17,19.18,19.18,19.18,19.18,19.18,0
PYR,TO,2025-06-17,0.465,0.475,0.46,0.465,0.465,10959
PZA,TO,2025-06-17,14.9,14.91,14.85,14.91,14.91,13438
PZW,TO,2025-06-17,36.25,36.25,36.25,36.25,36.25,1149
PZW-F,TO,2025-06-17,25.76,25.76,25.76,25.76,25.76,100
QAH,TO,2025-06-17,197.93,197.93,197.55,197.55,197.55,301
QASH,TO,2025-06-17,50.5,50.5,50.49,50.49,50.49,3890
QBB,TO,2025-06-17,92.95,92.95,92.95,92.95,92.95,0
QBR-A,TO,2025-06-17,40.81,40.81,40.81,40.81,40.81,0
QBR-B,TO,2025-06-17,40.7,40.83,40.27,40.67,40.67,654426
QBTC,TO,2025-06-17,135.93,137.0,132.25,134.0,134.0,9964
QBTC-U,TO,2025-06-17,101.71,101.71,97.23,98.14,98.14,2877
QBTL,TO,2025-06-17,19.23,19.23,19.23,19.23,19.23,100
QCE,TO,2025-06-17,161.0,161.0,160.74,160.74,160.74,635
QCLN,TO,2025-06-17,14.25,14.25,14.25,14.25,14.25,1002
QCN,TO,2025-06-17,162.57,162.63,162.21,162.63,162.63,1461
QDX,TO,2025-06-17,131.46,131.47,130.86,131.17,131.17,1307
QDXB,TO,2025-06-17,89.15,89.18,89.15,89.18,89.18,387
QDXH,TO,2025-06-17,142.56,142.56,142.56,142.56,142.56,500
QEBH,TO,2025-06-17,78.41,78.41,78.38,78.38,78.38,1200
QEBL,TO,2025-06-17,77.2,77.2,77.2,77.2,77.2,0
QEC,TO,2025-06-17,0.27,0.27,0.27,0.27,0.27,0
QEE,TO,2025-06-17,101.595,101.595,101.595,101.595,101.595,200
QETH-U,TO,2025-06-17,38.25,38.77,38.25,38.77,38.77,201
QETH-UN,TO,2025-06-17,54.02,54.02,52.0,52.0,52.0,2754
QHY,TO,2025-06-17,82.25,82.26,82.21,82.25,82.25,574
QINF,TO,2025-06-17,146.3,146.3,145.59,145.86,145.86,317
QIPT,TO,2025-06-17,2.68,2.71,2.52,2.53,2.53,71436
QMAX,TO,2025-06-17,20.79,20.79,20.65,20.7,20.7,17194
QQC,TO,2025-06-17,35.35,35.38,35.2,35.31,35.31,34714
QQC-F,TO,2025-06-17,171.91,171.91,170.6,170.6,170.6,4844
QQCC,TO,2025-06-17,12.01,12.07,12.01,12.055,12.055,31367
QQCE,TO,2025-06-17,29.84,29.88,29.82,29.82,29.82,301
QQCI,TO,2025-06-17,20.93,20.93,20.91,20.91,20.91,1100
QQCL,TO,2025-06-17,22.51,22.53,22.42,22.49,22.49,88682
QQD,TO,2025-06-17,8.8,8.94,8.77,8.92,8.92,1227409
QQEQ,TO,2025-06-17,28.15,28.15,28.15,28.15,28.15,100
QQJR,TO,2025-06-17,22.01,22.01,22.01,22.01,22.01,0
QQQD,TO,2025-06-17,18.4,18.71,18.28,18.71,18.71,3869
QQQL,TO,2025-06-17,23.82,23.82,23.82,23.82,23.82,1500
QQQT,TO,2025-06-17,32.55,32.68,32.52,32.52,32.52,400
QQQT-B,TO,2025-06-17,34.42,34.42,34.34,34.35,34.35,300
QQQU,TO,2025-06-17,22.38,22.45,21.99,22.09,22.09,2933
QQQX,TO,2025-06-17,32.57,32.57,32.39,32.44,32.44,13604
QQQX-U,TO,2025-06-17,23.88,23.96,23.75,23.79,23.79,20800
QQQY,TO,2025-06-17,24.25,24.32,24.17,24.18,24.18,15962
QQU,TO,2025-06-17,23.79,23.9,23.44,23.52,23.52,2063444
QRC,TO,2025-06-17,6.52,6.6,6.52,6.6,6.6,5313
QSB,TO,2025-06-17,99.46,99.46,99.46,99.46,99.46,0
QSP-UN,TO,2025-06-17,91.54,91.54,91.54,91.54,91.54,0
QSR,TO,2025-06-17,91.63,91.63,90.5,91.15,91.15,6341186
QTLT,TO,2025-06-17,94.97,95.68,94.97,95.68,95.68,2400
QTRH,TO,2025-06-17,1.38,1.405,1.38,1.4,1.4,32454
QUB,TO,2025-06-17,80.56,80.56,80.56,80.56,80.56,293
QUIG,TO,2025-06-17,84.93,85.0,84.93,85.0,85.0,1620
QUU,TO,2025-06-17,236.68,236.68,236.27,236.55,236.55,620
QXM,TO,2025-06-17,32.7,32.7,32.7,32.7,32.7,482
RATE,TO,2025-06-17,21.235,21.235,21.22,21.22,21.22,2200
RAY-A,TO,2025-06-17,9.99,10.03,9.93,9.98,9.98,30532
RAY-B,TO,2025-06-17,9.9,9.9,9.88,9.89,9.89,1100
RBA,TO,2025-06-17,144.91,144.91,143.07,143.18,143.18,385984
RBF619,TO,2025-06-17,71.4212,71.4212,71.4212,71.4212,71.4212,0
RBF620,TO,2025-06-17,23.7988,23.7988,23.7988,23.7988,23.7988,0
RBF653,TO,2025-06-17,25.6349,25.6349,25.6349,25.6349,25.6349,0
RBN-UN,TO,2025-06-17,7.89,7.89,7.89,7.89,7.89,1005
RBNK,TO,2025-06-17,29.84,29.84,29.75,29.81,29.81,19095
RBO,TO,2025-06-17,18.8,18.8,18.8,18.8,18.8,599
RBOT,TO,2025-06-17,29.59,29.59,29.59,29.59,29.59,602
RBOT-U,TO,2025-06-17,21.54,21.54,21.54,21.54,21.54,0
RBY,TO,2025-06-17,1.96,2.13,1.94,2.09,2.09,151163
RCD,TO,2025-06-17,32.26,32.26,32.12,32.19,32.19,2583
RCDC,TO,2025-06-17,21.54,21.54,21.51,21.51,21.51,1960
RCG,TO,2025-06-17,8.15,8.48,8.15,8.2,8.2,2901
RCG-PB,TO,2025-06-17,14.51,14.51,14.51,14.51,14.51,0
RCH,TO,2025-06-17,34.5,35.32,34.12,34.2,34.2,43907
RCI-A,TO,2025-06-17,41.07,41.5,41.07,41.5,41.5,1731
RCI-B,TO,2025-06-17,37.75,37.9,37.13,37.41,37.41,1648726
RDBH,TO,2025-06-17,20.67,20.67,20.55,20.55,20.55,926
REAL,TO,2025-06-17,5.71,5.77,5.7,5.7,5.7,21446
REI-UN,TO,2025-06-17,17.52,17.55,17.39,17.51,17.51,517581
REIT,TO,2025-06-17,21.22,21.22,21.22,21.22,21.22,0
RGBM,TO,2025-06-17,22.73,22.73,22.73,22.73,22.73,443
RGQN,TO,2025-06-17,20.63,20.63,20.63,20.63,20.63,4481
RGQO,TO,2025-06-17,20.79,20.79,20.79,20.79,20.79,200
RGQP,TO,2025-06-17,20.59,20.59,20.59,20.59,20.59,200
RGQQ,TO,2025-06-17,20.36,20.36,20.36,20.36,20.36,0
RGQR,TO,2025-06-17,20.26,20.26,20.26,20.26,20.26,0
RGQT,TO,2025-06-17,19.76,19.76,19.76,19.76,19.76,100
RID,TO,2025-06-17,29.73,29.73,29.71,29.71,29.71,483
RID-U,TO,2025-06-17,22.08,22.08,22.08,22.08,22.08,0
RIDH,TO,2025-06-17,31.26,31.26,31.26,31.26,31.26,432
RING,TO,2025-06-17,16.93,16.94,16.785,16.86,16.86,388536
RIRA,TO,2025-06-17,17.74,17.79,17.74,17.78,17.78,1501
RIT,TO,2025-06-17,16.75,16.75,16.59,16.64,16.64,8151
RITD,TO,2025-06-17,12.0,12.0,12.0,12.0,12.0,0
RITU,TO,2025-06-17,17.1,17.1,17.1,17.1,17.1,9089
RMAX,TO,2025-06-17,16.61,16.61,16.49,16.53,16.53,4935
RNCC,TO,2025-06-17,21.08,21.08,21.08,21.08,21.08,0
ROOT,TO,2025-06-17,3.26,3.32,3.26,3.31,3.31,2615
RPD,TO,2025-06-17,29.8,29.8,29.61,29.61,29.61,3022
RPD-U,TO,2025-06-17,22.0,22.0,22.0,22.0,22.0,0
RPDH,TO,2025-06-17,29.15,29.15,29.15,29.15,29.15,100
RPF,TO,2025-06-17,22.6,22.72,22.6,22.63,22.63,1006
RPI-UN,TO,2025-06-17,32.5,32.5,32.09,32.09,32.09,237
RPR-UN,TO,2025-06-17,0.38,0.39,0.38,0.39,0.39,28780
RPSB,TO,2025-06-17,20.05,20.05,20.05,20.05,20.05,100
RQO,TO,2025-06-17,18.88,18.88,18.86,18.88,18.88,6866
RQP,TO,2025-06-17,18.375,18.39,18.37,18.37,18.37,12556
RQQ,TO,2025-06-17,22.07,22.07,22.05,22.065,22.065,27853
RQR,TO,2025-06-17,22.01,22.01,21.97,21.98,21.98,3012
RQT,TO,2025-06-17,19.92,19.92,19.92,19.92,19.92,100
RS,TO,2025-06-17,9.75,9.78,9.75,9.78,9.78,36461
RS-PA,TO,2025-06-17,10.24,10.26,10.24,10.26,10.26,6535
RSI,TO,2025-06-17,5.64,5.675,5.64,5.65,5.65,168079
RTG,TO,2025-06-17,0.035,0.035,0.03,0.03,0.03,20000
RUBH,TO,2025-06-17,18.81,18.81,18.81,18.81,18.81,3700
RUBY,TO,2025-06-17,22.85,22.85,22.85,22.85,22.85,0
RUD,TO,2025-06-17,24.03,24.03,24.03,24.03,24.03,1832
RUD-U,TO,2025-06-17,17.72,17.72,17.72,17.72,17.72,0
RUDB,TO,2025-06-17,21.25,21.3,21.25,21.25,21.25,2600
RUDC,TO,2025-06-17,21.04,21.04,21.04,21.04,21.04,235
RUDH,TO,2025-06-17,24.69,24.69,24.69,24.69,24.69,1095
RUP,TO,2025-06-17,5.6,5.63,5.51,5.51,5.51,82151
RUQO,TO,2025-06-17,20.53,20.53,20.53,20.53,20.53,0
RUQQ,TO,2025-06-17,20.74,20.74,20.74,20.74,20.74,0
RUQS,TO,2025-06-17,21.04,21.04,21.04,21.04,21.04,0
RUS,TO,2025-06-17,42.88,43.3,42.2,42.37,42.37,183054
RUSB,TO,2025-06-17,21.19,21.19,21.19,21.19,21.19,1200
RVX,TO,2025-06-17,0.04,0.04,0.04,0.04,0.04,3100
RXD,TO,2025-06-17,22.68,22.68,22.68,22.68,22.68,0
RY,TO,2025-06-17,174.67,175.37,174.11,174.66,174.66,2340291
RY-PM,TO,2025-06-17,24.795,24.795,24.795,24.795,24.795,200
RY-PN,TO,2025-06-17,24.72,24.72,24.7,24.7,24.7,600
RY-PO,TO,2025-06-17,24.62,24.62,24.6,24.6,24.6,751
RY-PS,TO,2025-06-17,25.83,25.94,25.8,25.94,25.94,7806
S,TO,2025-06-17,0.155,0.16,0.15,0.155,0.155,211479
SAFE,TO,2025-06-17,21.65,21.65,21.65,21.65,21.65,0
SAM,TO,2025-06-17,0.31,0.32,0.3,0.32,0.32,18000
SAP,TO,2025-06-17,26.55,26.7,26.43,26.66,26.66,598700
SAU,TO,2025-06-17,0.13,0.13,0.125,0.13,0.13,233977
SBC,TO,2025-06-17,10.23,10.3,10.22,10.3,10.3,11216
SBC-PA,TO,2025-06-17,10.84,10.87,10.84,10.85,10.85,1917
SBI,TO,2025-06-17,3.32,3.4,3.32,3.4,3.4,21435
SBR,TO,2025-06-17,0.05,0.05,0.05,0.05,0.05,0
SBT,TO,2025-06-17,19.01,19.03,18.93,19.03,19.03,4075
SBT-B,TO,2025-06-17,26.5,26.71,26.5,26.71,26.71,3341
SBT-U,TO,2025-06-17,19.62,19.62,19.62,19.62,19.62,100
SCR,TO,2025-06-17,31.3,31.4,30.85,31.25,31.25,93890
SDE,TO,2025-06-17,3.92,4.01,3.9,3.95,3.95,587551
SEA,TO,2025-06-17,20.26,20.48,20.06,20.23,20.23,98793
SEC,TO,2025-06-17,315.0,315.0,315.0,315.0,315.0,100
SES,TO,2025-06-17,15.98,15.98,15.73,15.81,15.81,520655
SFC,TO,2025-06-17,8.55,8.68,8.49,8.56,8.56,12307
SFD,TO,2025-06-17,0.53,0.53,0.53,0.53,0.53,0
SFI,TO,2025-06-17,0.28,0.28,0.28,0.28,0.28,11000
SGR-U,TO,2025-06-17,10.6,10.6,10.56,10.56,10.56,2200
SGR-UN,TO,2025-06-17,14.46,14.51,14.4,14.44,14.44,49322
SGY,TO,2025-06-17,6.15,6.53,6.12,6.46,6.46,1302930
SHLD,TO,2025-06-17,22.98,23.0,22.8,22.99,22.99,36049
SHLE,TO,2025-06-17,12.0,12.35,11.88,12.3,12.3,32307
SHOP,TO,2025-06-17,146.56,147.48,144.79,145.38,145.38,1234280
SIA,TO,2025-06-17,18.51,18.69,18.45,18.52,18.52,183154
SIH-UN,TO,2025-06-17,12.42,12.42,12.42,12.42,12.42,230
SII,TO,2025-06-17,87.5,88.75,87.5,87.88,87.88,44076
SIS,TO,2025-06-17,19.09,19.09,18.79,18.79,18.79,42524
SJ,TO,2025-06-17,75.58,75.9,74.89,75.08,75.08,54702
SKE,TO,2025-06-17,19.92,20.1,19.7,19.97,19.97,82124
SKYY,TO,2025-06-17,28.04,28.04,28.02,28.02,28.02,300
SLF,TO,2025-06-17,87.4,87.83,86.98,87.69,87.69,1196349
SLF-PC,TO,2025-06-17,20.11,20.11,20.05,20.1,20.1,3504
SLF-PD,TO,2025-06-17,20.25,20.25,19.94,19.95,19.95,4352
SLF-PE,TO,2025-06-17,20.34,20.34,20.14,20.14,20.14,6121
SLF-PG,TO,2025-06-17,17.66,17.84,17.66,17.84,17.84,5150
SLF-PH,TO,2025-06-17,21.0,21.0,20.87,20.87,20.87,15575
SLF-PJ,TO,2025-06-17,17.55,17.55,17.55,17.55,17.55,0
SLF-PK,TO,2025-06-17,21.3,21.3,21.3,21.3,21.3,0
SLR,TO,2025-06-17,0.9,0.9,0.9,0.9,0.9,2500
SLS,TO,2025-06-17,6.2,6.27,6.15,6.2,6.2,72083
SLT-U,TO,2025-06-17,9.47,9.47,9.47,9.47,9.47,0
SLVD,TO,2025-06-17,4.74,4.78,4.67,4.71,4.71,409233
SLVU,TO,2025-06-17,35.41,35.85,35.02,35.6,35.6,108450
SMAX,TO,2025-06-17,18.51,18.58,18.5,18.535,18.535,17010
SMC,TO,2025-06-17,0.015,0.015,0.015,0.015,0.015,0
SMT,TO,2025-06-17,1.13,1.14,1.13,1.13,1.13,93100
SMVP,TO,2025-06-17,15.7,15.7,15.67,15.67,15.67,364
SOBO,TO,2025-06-17,36.76,36.92,36.35,36.49,36.49,892621
SOIL,TO,2025-06-17,2.16,2.18,2.125,2.16,2.16,221617
SOLA,TO,2025-06-17,11.08,11.08,10.8,10.84,10.84,3233
SOLG,TO,2025-06-17,0.125,0.13,0.125,0.13,0.13,290057
SOLL,TO,2025-06-17,11.68,11.77,11.44,11.65,11.65,3588
SOLL-U,TO,2025-06-17,11.45,11.69,11.45,11.69,11.69,200
SOLQ,TO,2025-06-17,16.01,16.05,15.64,15.92,15.92,25306
SOLX-B,TO,2025-06-17,11.16,11.21,10.86,11.09,11.09,27210
SOLX-U,TO,2025-06-17,11.18,11.18,11.12,11.12,11.12,1601
SOXD,TO,2025-06-17,14.7,14.7,14.7,14.7,14.7,200
SOXU,TO,2025-06-17,27.65,27.65,27.13,27.13,27.13,912
SOY,TO,2025-06-17,8.06,8.12,7.84,7.84,7.84,44438
SPAY,TO,2025-06-17,25.82,26.01,25.82,26.01,26.01,9700
SPAY-U,TO,2025-06-17,19.04,19.05,19.04,19.05,19.05,823
SPB,TO,2025-06-17,8.14,8.32,8.14,8.28,8.28,1404702
SPFD,TO,2025-06-17,9.3,9.35,9.3,9.33,9.33,5970
SPLT,TO,2025-06-17,11.07,11.07,11.03,11.055,11.055,19784
SPPP,TO,2025-06-17,15.44,15.5,15.37,15.43,15.43,106973
SPPP-U,TO,2025-06-17,11.65,11.65,11.65,11.65,11.65,0
SPXD,TO,2025-06-17,14.22,14.41,14.2,14.38,14.38,502525
SPXI,TO,2025-06-17,10.68,10.72,10.67,10.72,10.72,9628
SPXU,TO,2025-06-17,25.21,25.35,24.94,25.01,25.01,438068
SPYD,TO,2025-06-17,18.74,18.74,18.67,18.67,18.67,1200
SPYU,TO,2025-06-17,21.94,22.38,21.54,21.83,21.83,4850
SRU-UN,TO,2025-06-17,25.6,25.6,25.27,25.37,25.37,257177
SRV-UN,TO,2025-06-17,13.82,13.9,13.75,13.75,13.75,9242
SSF-UN,TO,2025-06-17,6.7,6.7,6.7,6.7,6.7,2800
SSL,TO,2025-06-17,12.74,12.74,12.41,12.57,12.57,375898
SSRM,TO,2025-06-17,17.62,17.63,17.17,17.57,17.57,402753
STC,TO,2025-06-17,7.81,7.88,7.76,7.88,7.88,304
STCK,TO,2025-06-17,12.5,12.69,12.45,12.6,12.6,10407
STEP,TO,2025-06-17,3.81,3.89,3.76,3.82,3.82,95924
STGO,TO,2025-06-17,1.38,1.38,1.31,1.33,1.33,108235
STLR,TO,2025-06-17,0.86,0.93,0.84,0.91,0.91,179950
STN,TO,2025-06-17,146.06,146.33,144.635,145.31,145.31,233134
STPL,TO,2025-06-17,24.79,24.79,24.62,24.62,24.62,1646
SU,TO,2025-06-17,55.8,56.33,55.51,55.99,55.99,8047714
SVA,TO,2025-06-17,0.16,0.165,0.16,0.165,0.165,8260
SVB,TO,2025-06-17,0.25,0.25,0.25,0.25,0.25,50000
SVI,TO,2025-06-17,4.08,4.08,4.005,4.05,4.05,101865
SVM,TO,2025-06-17,6.07,6.15,5.96,6.14,6.14,722515
SVR,TO,2025-06-17,17.58,17.82,17.57,17.77,17.77,205560
SVR-C,TO,2025-06-17,18.93,19.32,18.93,19.32,19.32,2856
SWIN,TO,2025-06-17,15.28,15.28,15.28,15.28,15.28,0
SWP,TO,2025-06-17,3.28,3.28,3.25,3.25,3.25,2400
SXI,TO,2025-06-17,2.33,2.33,2.33,2.33,2.33,0
SXP,TO,2025-06-17,3.99,3.99,3.88,3.89,3.89,12200
SYLD,TO,2025-06-17,19.19,19.21,19.19,19.21,19.21,5655
SYZ,TO,2025-06-17,8.87,8.87,8.83,8.83,8.83,4658
SZLS,TO,2025-06-17,0.04,0.04,0.04,0.04,0.04,0
T,TO,2025-06-17,21.9,21.91,21.67,21.76,21.76,1974318
TA,TO,2025-06-17,15.57,15.6,15.21,15.43,15.43,1235835
TA-PD,TO,2025-06-17,16.65,16.7,16.65,16.7,16.7,1500
TA-PE,TO,2025-06-17,17.34,17.34,17.34,17.34,17.34,0
TA-PF,TO,2025-06-17,22.21,22.21,22.21,22.21,22.21,0
TA-PG,TO,2025-06-17,21.01,21.25,21.01,21.25,21.25,750
TA-PH,TO,2025-06-17,24.58,24.58,24.49,24.57,24.57,1300
TA-PJ,TO,2025-06-17,24.98,25.1,24.74,25.1,25.1,1800
TAL,TO,2025-06-17,0.68,0.7,0.68,0.7,0.7,418911
TBAL,TO,2025-06-17,19.33,19.33,19.28,19.29,19.29,23014
TBCE,TO,2025-06-17,25.56,25.56,25.56,25.56,25.56,1400
TBCF,TO,2025-06-17,26.04,26.04,26.04,26.04,26.04,10375
TBCG,TO,2025-06-17,26.15,26.16,26.12,26.13,26.13,5144
TBCH,TO,2025-06-17,25.38,25.38,25.38,25.38,25.38,2000
TBCI,TO,2025-06-17,25.3,25.3,25.3,25.3,25.3,900
TBCJ,TO,2025-06-17,25.43,25.43,25.43,25.43,25.43,2900
TBIL,TO,2025-06-17,50.05,50.07,50.05,50.06,50.06,4808
TBL,TO,2025-06-17,4.91,4.91,4.9,4.9,4.9,6830
TBNK,TO,2025-06-17,31.8,31.94,31.8,31.9,31.9,1682
TBUE-U,TO,2025-06-17,25.7,25.7,25.7,25.7,25.7,0
TBUF-U,TO,2025-06-17,25.55,25.55,25.55,25.55,25.55,0
TBUG-U,TO,2025-06-17,25.74,25.74,25.74,25.74,25.74,100
TC,TO,2025-06-17,27.46,29.51,26.98,27.35,27.35,22798
TCBN,TO,2025-06-17,40.64,40.64,40.64,40.64,40.64,0
TCL-A,TO,2025-06-17,20.94,21.19,20.82,20.91,20.91,161257
TCL-B,TO,2025-06-17,21.17,21.17,21.17,21.17,21.17,0
TCLB,TO,2025-06-17,115.29,115.3,115.18,115.18,115.18,1200
TCLV,TO,2025-06-17,24.55,24.55,24.46,24.52,24.52,21691
TCON,TO,2025-06-17,15.68,15.69,15.68,15.68,15.68,600
TCS,TO,2025-06-17,40.2,40.63,40.2,40.63,40.63,451
TCSB,TO,2025-06-17,14.76,14.79,14.76,14.79,14.79,7699
TCSH,TO,2025-06-17,50.07,50.08,50.07,50.08,50.08,25126
TCW,TO,2025-06-17,4.62,4.74,4.62,4.69,4.69,481598
TD,TO,2025-06-17,96.39,96.83,96.25,96.8,96.8,4410064
TD-PFA,TO,2025-06-17,24.25,24.25,24.18,24.19,24.19,6500
TD-PFD,TO,2025-06-17,25.06,25.06,25.05,25.05,25.05,50700
TD-PFE,TO,2025-06-17,24.91,24.91,24.9,24.9,24.9,400
TD-PFI,TO,2025-06-17,26.23,26.38,26.22,26.38,26.38,8075
TD-PFJ,TO,2025-06-17,25.55,25.6,25.51,25.6,25.6,2500
TDB,TO,2025-06-17,12.96,12.96,12.94,12.96,12.96,19803
TDOC,TO,2025-06-17,17.69,17.69,17.64,17.66,17.66,13201
TEC,TO,2025-06-17,44.67,44.915,44.67,44.765,44.765,32852
TECH,TO,2025-06-17,18.51,18.51,18.42,18.45,18.45,7900
TECH-B,TO,2025-06-17,21.46,21.46,21.46,21.46,21.46,0
TECI,TO,2025-06-17,9.55,9.55,9.52,9.53,9.53,4600
TECK-A,TO,2025-06-17,53.85,53.85,52.65,52.65,52.65,511
TECK-B,TO,2025-06-17,53.1,53.51,52.36,52.53,52.53,1113343
TECX,TO,2025-06-17,30.14,30.14,30.14,30.14,30.14,0
TEQT,TO,2025-06-17,17.45,17.45,17.41,17.41,17.41,7300
TERM,TO,2025-06-17,9.73,9.73,9.72,9.73,9.73,36110
TF,TO,2025-06-17,7.51,7.53,7.48,7.51,7.51,102294
TFII,TO,2025-06-17,123.82,124.06,119.76,120.0,120.0,208571
TFPM,TO,2025-06-17,33.29,33.52,33.03,33.52,33.52,68115
TGAF,TO,2025-06-17,23.3,23.3,23.3,23.3,23.3,100
TGED,TO,2025-06-17,26.7,26.73,26.63,26.69,26.69,22267
TGFI,TO,2025-06-17,20.13,20.22,20.13,20.22,20.22,800
TGGR,TO,2025-06-17,27.27,27.3,27.18,27.19,27.19,2600
TGO,TO,2025-06-17,1.19,1.19,1.19,1.19,1.19,0
TGRE,TO,2025-06-17,14.81,14.81,14.79,14.79,14.79,300
TGRO,TO,2025-06-17,23.53,23.53,23.45,23.49,23.49,12300
TH,TO,2025-06-17,3.24,3.36,3.24,3.36,3.36,10598
THE,TO,2025-06-17,26.9,26.945,26.84,26.86,26.86,16110
THNC,TO,2025-06-17,2.14,2.14,1.97,1.97,1.97,18212
THU,TO,2025-06-17,39.85,39.85,39.55,39.55,39.55,753
TI,TO,2025-06-17,0.56,0.58,0.56,0.58,0.58,17631
TIH,TO,2025-06-17,121.58,121.77,119.95,120.28,120.28,94575
TILV,TO,2025-06-17,18.32,18.32,18.23,18.23,18.23,610
TINF,TO,2025-06-17,22.72,22.72,22.6,22.67,22.67,12212
TIXT,TO,2025-06-17,4.86,4.97,4.86,4.9,4.9,216860
TKN,TO,2025-06-17,22.67,22.73,22.48,22.66,22.66,950
TKN-U,TO,2025-06-17,17.0,17.0,17.0,17.0,17.0,0
TKO,TO,2025-06-17,3.98,3.98,3.895,3.97,3.97,245999
TLF,TO,2025-06-17,24.97,24.97,24.97,24.97,24.97,2000
TLG,TO,2025-06-17,0.73,0.76,0.72,0.73,0.73,944010
TLO,TO,2025-06-17,0.225,0.23,0.22,0.225,0.225,1063659
TLRY,TO,2025-06-17,0.57,0.58,0.51,0.53,0.53,2089259
TLTD,TO,2025-06-17,20.06,20.06,20.06,20.06,20.06,0
TLTU,TO,2025-06-17,20.52,20.52,20.52,20.52,20.52,0
TLV,TO,2025-06-17,35.4,35.4,35.4,35.4,35.4,115
TMQ,TO,2025-06-17,1.72,1.84,1.72,1.84,1.84,25386
TNT-UN,TO,2025-06-17,9.46,9.5,9.39,9.42,9.42,2781
TNZ,TO,2025-06-17,19.69,19.9,19.51,19.67,19.67,45890
TOT,TO,2025-06-17,11.27,11.68,11.2,11.45,11.45,42858
TOU,TO,2025-06-17,66.79,67.28,66.33,66.84,66.84,2692800
TOWR,TO,2025-06-17,28.79,28.79,28.79,28.79,28.79,0
TOY,TO,2025-06-17,23.64,23.815,23.32,23.51,23.51,100950
TPE,TO,2025-06-17,24.59,24.59,24.47,24.49,24.49,23958
TPRF,TO,2025-06-17,11.62,11.63,11.61,11.62,11.62,2090
TPU,TO,2025-06-17,46.52,46.69,46.5,46.56,46.56,37162
TPX-B,TO,2025-06-17,67.44,67.44,67.44,67.44,67.44,100
TPZ,TO,2025-06-17,26.46,26.73,26.25,26.63,26.63,343900
TQCD,TO,2025-06-17,21.6,21.62,21.49,21.55,21.55,131864
TQGD,TO,2025-06-17,20.25,20.36,20.25,20.31,20.31,6500
TQGM,TO,2025-06-17,20.25,20.25,20.24,20.24,20.24,600
TQSM,TO,2025-06-17,23.0,23.02,22.91,22.96,22.96,65859
TRI,TO,2025-06-17,266.28,267.47,264.56,267.4,267.4,211556
TRI-PB,TO,2025-06-17,14.39,14.39,14.39,14.39,14.39,0
TRP,TO,2025-06-17,66.93,67.035,65.83,65.92,65.92,7624136
TRP-PA,TO,2025-06-17,18.73,18.79,18.73,18.79,18.79,1511
TRP-PB,TO,2025-06-17,16.19,16.54,16.17,16.5,16.5,23810
TRP-PC,TO,2025-06-17,16.06,16.69,16.06,16.42,16.42,13873
TRP-PD,TO,2025-06-17,22.42,22.49,22.42,22.49,22.49,3128
TRP-PE,TO,2025-06-17,20.43,20.45,20.43,20.45,20.45,900
TRP-PF,TO,2025-06-17,17.4,17.4,17.4,17.4,17.4,200
TRP-PG,TO,2025-06-17,24.0,24.18,24.0,24.18,24.18,7000
TRP-PH,TO,2025-06-17,15.63,15.64,15.54,15.6,15.6,4525
TRP-PI,TO,2025-06-17,16.19,16.36,16.19,16.36,16.36,8028
TRVI,TO,2025-06-17,19.41,19.41,19.41,19.41,19.41,0
TRVL,TO,2025-06-17,28.3,28.31,27.97,28.07,28.07,742
TRVL-U,TO,2025-06-17,26.66,26.66,26.66,26.66,26.66,0
TRX,TO,2025-06-17,0.47,0.47,0.455,0.465,0.465,24330
TRZ,TO,2025-06-17,2.61,2.62,2.535,2.56,2.56,180401
TSAT,TO,2025-06-17,23.65,25.97,23.65,25.97,25.97,5941
TSK,TO,2025-06-17,0.485,0.485,0.475,0.4775,0.4775,164504
TSL,TO,2025-06-17,2.55,2.56,2.5,2.5,2.5,9022
TSLA,TO,2025-06-17,29.18,29.23,28.18,28.31,28.31,903218
TSLU,TO,2025-06-17,17.3,17.3,16.62,16.64,16.64,2621
TSLY,TO,2025-06-17,7.38,7.38,7.14,7.175,7.175,157918
TSND,TO,2025-06-17,0.34,0.38,0.34,0.365,0.365,206192
TSU,TO,2025-06-17,40.7,40.89,40.51,40.7,40.7,25455
TTNM,TO,2025-06-17,1.46,1.46,1.45,1.46,1.46,71516
TTP,TO,2025-06-17,30.55,30.58,30.47,30.52,30.52,14440
TTTX,TO,2025-06-17,23.4,23.4,23.4,23.4,23.4,100
TUED,TO,2025-06-17,29.45,29.64,29.45,29.62,29.62,17507
TUHY,TO,2025-06-17,20.79,20.96,20.61,20.71,20.71,28500
TULB,TO,2025-06-17,107.13,107.92,107.12,107.92,107.92,9400
TULV,TO,2025-06-17,21.31,21.32,21.31,21.32,21.32,300
TUSB,TO,2025-06-17,13.96,14.01,13.96,14.01,14.01,1100
TUSB-U,TO,2025-06-17,10.06,10.06,10.06,10.06,10.06,0
TUSD-U,TO,2025-06-17,50.12,50.12,50.12,50.12,50.12,900
TVA-B,TO,2025-06-17,0.75,0.75,0.75,0.75,0.75,0
TVE,TO,2025-06-17,4.9,4.98,4.89,4.95,4.95,2723901
TVK,TO,2025-06-17,169.32,170.02,166.99,168.93,168.93,35238
TWC,TO,2025-06-17,21.17,21.17,21.17,21.17,21.17,501
TWM,TO,2025-06-17,0.205,0.215,0.2,0.21,0.21,232593
TXF,TO,2025-06-17,20.83,20.91,20.65,20.67,20.67,39799
TXF-B,TO,2025-06-17,26.05,26.05,26.05,26.05,26.05,227
TXF-U,TO,2025-06-17,11.02,11.02,11.02,11.02,11.02,100
TXG,TO,2025-06-17,46.42,47.13,45.49,46.78,46.78,292868
TXP,TO,2025-06-17,0.365,0.38,0.365,0.37,0.37,33000
U-U,TO,2025-06-17,17.25,17.41,16.91,17.24,17.24,143155
U-UN,TO,2025-06-17,23.55,23.73,23.08,23.53,23.53,909757
UBIL-U,TO,2025-06-17,50.08,50.08,50.06,50.065,50.065,2551
UCSH-U,TO,2025-06-17,50.12,50.13,50.12,50.12,50.12,8240
UDA,TO,2025-06-17,13.95,13.95,13.95,13.95,13.95,2100
UDIV,TO,2025-06-17,13.11,13.18,13.11,13.11,13.11,3150
UDIV-B,TO,2025-06-17,14.07,14.07,14.07,14.07,14.07,446
ULV-C,TO,2025-06-17,35.69,35.76,35.66,35.76,35.76,700
ULV-F,TO,2025-06-17,51.13,51.13,51.09,51.09,51.09,242
UMAX,TO,2025-06-17,13.58,13.58,13.465,13.52,13.52,331063
UMI,TO,2025-06-17,32.46,32.46,32.46,32.46,32.46,0
UMNY-U,TO,2025-06-17,50.15,50.16,50.15,50.16,50.16,3800
UNC,TO,2025-06-17,135.0,135.0,135.0,135.0,135.0,200
UNI,TO,2025-06-17,1.32,1.32,1.32,1.32,1.32,0
URB,TO,2025-06-17,6.42,6.42,6.42,6.42,6.42,183
URB-A,TO,2025-06-17,6.15,6.2,6.14,6.14,6.14,5094
URC,TO,2025-06-17,3.41,3.415,3.26,3.37,3.37,176718
URE,TO,2025-06-17,1.5,1.52,1.44,1.45,1.45,146220
USA,TO,2025-06-17,1.1,1.155,1.09,1.15,1.15,1451024
USCC,TO,2025-06-17,18.31,18.42,18.31,18.41,18.41,5655
USCC-U,TO,2025-06-17,13.55,13.55,13.49,13.49,13.49,5102
USCL,TO,2025-06-17,21.3,21.31,21.22,21.27,21.27,53367
USSX,TO,2025-06-17,31.18,31.18,31.13,31.13,31.13,2100
USSX-U,TO,2025-06-17,22.92,22.93,22.78,22.79,22.79,6400
UTES,TO,2025-06-17,9.03,9.03,8.98,9.005,9.005,82800
UTIL,TO,2025-06-17,23.05,23.06,22.985,23.06,23.06,1504
VA,TO,2025-06-17,41.27,41.27,41.27,41.27,41.27,379
VAB,TO,2025-06-17,22.91,22.93,22.89,22.91,22.91,181040
VALT,TO,2025-06-17,41.2,41.45,41.2,41.41,41.41,2301
VALT-B,TO,2025-06-17,45.66,45.91,45.66,45.82,45.82,1000
VALT-U,TO,2025-06-17,33.59,33.59,33.59,33.59,33.59,100
VBAL,TO,2025-06-17,33.79,33.86,33.78,33.81,33.81,32169
VBNK,TO,2025-06-17,15.07,15.29,15.07,15.19,15.19,12860
VCB,TO,2025-06-17,24.17,24.18,24.16,24.16,24.16,3477
VCE,TO,2025-06-17,58.45,58.45,58.25,58.39,58.39,16822
VCIP,TO,2025-06-17,26.25,26.25,26.24,26.24,26.24,8050
VCM,TO,2025-06-17,10.08,10.18,10.0,10.12,10.12,2500
VCN,TO,2025-06-17,54.55,54.58,54.32,54.45,54.45,83335
VCNS,TO,2025-06-17,29.75,29.75,29.72,29.72,29.72,3710
VDU,TO,2025-06-17,47.92,48.03,47.79,47.85,47.85,20745
VDY,TO,2025-06-17,51.73,51.85,51.6,51.74,51.74,133396
VE,TO,2025-06-17,40.77,40.77,40.54,40.54,40.54,10802
VEE,TO,2025-06-17,39.66,39.685,39.54,39.6,39.6,36028
VEF,TO,2025-06-17,60.25,60.29,60.0,60.04,60.04,2844
VEQT,TO,2025-06-17,46.65,46.72,46.53,46.6,46.6,176970
VET,TO,2025-06-17,11.12,11.37,11.02,11.23,11.23,677917
VFV,TO,2025-06-17,145.11,145.53,144.86,145.14,145.14,154906
VGG,TO,2025-06-17,92.9,92.91,92.53,92.64,92.64,19025
VGH,TO,2025-06-17,64.7,64.7,64.29,64.29,64.29,12599
VGRO,TO,2025-06-17,38.28,38.32,38.2,38.26,38.26,111272
VGV,TO,2025-06-17,22.25,22.25,22.25,22.25,22.25,0
VGZ,TO,2025-06-17,1.39,1.39,1.36,1.38,1.38,6900
VHI,TO,2025-06-17,11.0,11.12,10.98,11.07,11.07,38940
VI,TO,2025-06-17,42.24,42.28,42.08,42.08,42.08,11358
VIDY,TO,2025-06-17,35.9,35.93,35.76,35.81,35.81,49288
VIU,TO,2025-06-17,38.28,38.3,38.1,38.135,38.135,72026
VLB,TO,2025-06-17,20.48,20.51,20.48,20.5,20.5,9452
VLE,TO,2025-06-17,7.94,8.12,7.91,7.95,7.95,291260
VLN,TO,2025-06-17,14.11,14.32,14.02,14.02,14.02,2700
VMO,TO,2025-06-17,66.39,66.39,66.06,66.06,66.06,26261
VNP,TO,2025-06-17,9.3,9.3,8.56,8.64,8.64,407527
VOLX,TO,2025-06-17,9.13,9.63,9.08,9.5,9.5,298344
VOXR,TO,2025-06-17,4.84,4.94,4.84,4.93,4.93,1000
VQS,TO,2025-06-17,0.21,0.22,0.21,0.21,0.21,5825
VRE,TO,2025-06-17,31.68,31.72,31.64,31.67,31.67,3127
VRIF,TO,2025-06-17,25.23,25.23,25.22,25.23,25.23,1733
VRTS,TO,2025-06-17,0.015,0.02,0.015,0.02,0.02,10312
VSB,TO,2025-06-17,23.35,23.36,23.34,23.36,23.36,25471
VSC,TO,2025-06-17,24.17,24.17,24.145,24.145,24.145,27138
VSP,TO,2025-06-17,96.49,96.72,96.01,96.17,96.17,31365
VUN,TO,2025-06-17,108.93,109.32,108.87,109.01,109.01,34179
VUS,TO,2025-06-17,103.82,103.82,103.18,103.27,103.27,5694
VVL,TO,2025-06-17,52.03,52.04,51.8,51.81,51.81,3211
VVO,TO,2025-06-17,38.66,38.67,38.66,38.67,38.67,302
VVSG,TO,2025-06-17,50.36,50.38,50.36,50.37,50.37,1345
VXC,TO,2025-06-17,64.92,64.97,64.75,64.79,64.79,22093
VXM,TO,2025-06-17,39.34,39.37,39.22,39.27,39.27,2795
VXM-B,TO,2025-06-17,36.91,36.95,36.85,36.87,36.87,6300
VZLA,TO,2025-06-17,4.82,4.905,4.77,4.83,4.83,510570
WAAV,TO,2025-06-17,20.3,20.3,20.3,20.3,20.3,100
WCM-A,TO,2025-06-17,2.1,2.1,2.1,2.1,2.1,0
WCN,TO,2025-06-17,253.1,256.44,252.24,256.12,256.12,227651
WCP,TO,2025-06-17,9.38,9.61,9.33,9.57,9.57,8388586
WDO,TO,2025-06-17,19.73,19.99,19.42,19.61,19.61,501162
WEED,TO,2025-06-17,2.01,2.01,1.8,1.83,1.83,2063178
WEF,TO,2025-06-17,0.405,0.405,0.395,0.4,0.4,565887
WELL,TO,2025-06-17,3.93,3.94,3.88,3.88,3.88,736987
WFC,TO,2025-06-17,14.74,14.74,14.74,14.74,14.74,0
WFG,TO,2025-06-17,100.76,101.41,99.055,99.37,99.37,276103
WGX,TO,2025-06-17,2.67,2.695,2.65,2.65,2.65,250434
WILD,TO,2025-06-17,2.0,2.06,2.0,2.04,2.04,19994
WJX,TO,2025-06-17,22.95,23.08,22.26,22.47,22.47,34631
WLLW,TO,2025-06-17,0.03,0.035,0.03,0.03,0.03,55333
WM,TO,2025-06-17,0.065,0.065,0.06,0.065,0.065,203890
WN,TO,2025-06-17,265.12,266.25,263.13,265.8,265.8,92900
WN-PA,TO,2025-06-17,24.89,25.0,24.89,24.96,24.96,3150
WN-PC,TO,2025-06-17,22.35,22.49,22.26,22.49,22.49,23125
WN-PD,TO,2025-06-17,22.41,22.49,22.4,22.43,22.43,1600
WN-PE,TO,2025-06-17,21.1,21.2,21.01,21.01,21.01,405
WNDR,TO,2025-06-17,0.34,0.345,0.34,0.345,0.345,1124587
WOMN,TO,2025-06-17,39.35,39.41,39.35,39.41,39.41,200
WPK,TO,2025-06-17,44.51,44.97,44.51,44.72,44.72,42437
WPM,TO,2025-06-17,125.32,125.55,122.985,124.56,124.56,496588
WPRT,TO,2025-06-17,3.92,4.02,3.86,4.0,4.0,1908
WRG,TO,2025-06-17,2.11,2.11,2.11,2.11,2.11,0
WRN,TO,2025-06-17,1.86,1.86,1.79,1.82,1.82,89929
WRX,TO,2025-06-17,0.04,0.04,0.04,0.04,0.04,0
WSP,TO,2025-06-17,272.61,273.715,271.18,272.57,272.57,147201
WSRD,TO,2025-06-17,32.52,32.52,32.21,32.22,32.22,4314
WSRI,TO,2025-06-17,44.12,44.12,43.87,43.87,43.87,248
WTE,TO,2025-06-17,27.75,27.84,27.14,27.21,27.21,60420
WXM,TO,2025-06-17,36.35,36.42,36.31,36.35,36.35,1834
X,TO,2025-06-17,56.43,56.63,56.17,56.56,56.56,417744
XAD,TO,2025-06-17,78.85,79.76,78.85,79.69,79.69,3127
XAGG,TO,2025-06-17,36.99,37.05,36.88,37.05,37.05,4666
XAGH,TO,2025-06-17,32.93,32.98,32.9,32.98,32.98,2356
XAM,TO,2025-06-17,0.065,0.065,0.065,0.065,0.065,0
XAU,TO,2025-06-17,8.63,8.65,8.61,8.61,8.61,1252
XAW,TO,2025-06-17,45.07,45.15,44.96,45.02,45.02,31328
XAW-U,TO,2025-06-17,33.75,33.75,33.75,33.75,33.75,0
XBAL,TO,2025-06-17,30.7,30.71,30.64,30.67,30.67,15887
XBB,TO,2025-06-17,28.09,28.12,28.05,28.085,28.085,139638
XBM,TO,2025-06-17,19.4,19.45,19.36,19.38,19.38,31161
XCB,TO,2025-06-17,20.14,20.14,20.11,20.11,20.11,96665
XCBG,TO,2025-06-17,37.63,37.71,37.63,37.7,37.7,2060
XCD,TO,2025-06-17,57.98,58.16,57.98,58.16,58.16,244
XCG,TO,2025-06-17,59.85,59.85,59.7,59.7,59.7,1021
XCH,TO,2025-06-17,23.78,23.85,23.72,23.72,23.72,5186
XCHP,TO,2025-06-17,53.61,53.62,53.61,53.62,53.62,231
XCLN,TO,2025-06-17,29.1,29.2,29.06,29.06,29.06,1238
XCNS,TO,2025-06-17,23.91,23.91,23.87,23.87,23.87,11827
XCS,TO,2025-06-17,23.47,23.47,23.35,23.41,23.41,2106
XCSR,TO,2025-06-17,82.77,82.8,82.45,82.61,82.61,1543
XCV,TO,2025-06-17,42.48,42.48,42.48,42.48,42.48,100
XDG,TO,2025-06-17,27.49,27.49,27.4,27.42,27.42,12017
XDG-U,TO,2025-06-17,20.35,20.35,20.35,20.35,20.35,0
XDGH,TO,2025-06-17,27.17,27.2,27.17,27.2,27.2,5731
XDIV,TO,2025-06-17,32.04,32.11,31.91,32.03,32.03,120521
XDNA,TO,2025-06-17,29.49,29.49,29.49,29.49,29.49,0
XDRV,TO,2025-06-17,39.69,39.69,39.69,39.69,39.69,0
XDSR,TO,2025-06-17,63.23,63.28,62.97,62.97,62.97,3101
XDU,TO,2025-06-17,30.54,30.54,30.54,30.54,30.54,166
XDUH,TO,2025-06-17,27.35,27.35,27.16,27.16,27.16,3100
XDV,TO,2025-06-17,33.82,33.84,33.635,33.71,33.71,31620
XEB,TO,2025-06-17,15.83,15.83,15.83,15.83,15.83,0
XEC,TO,2025-06-17,30.99,31.01,30.88,30.94,30.94,28022
XEF,TO,2025-06-17,42.09,42.16,41.93,41.96,41.96,249791
XEF-U,TO,2025-06-17,31.03,31.04,30.78,30.79,30.79,6423
XEG,TO,2025-06-17,18.19,18.4,18.1,18.34,18.34,2291997
XEH,TO,2025-06-17,35.23,35.25,35.07,35.07,35.07,6710
XEI,TO,2025-06-17,28.5,28.59,28.46,28.53,28.53,89453
XEM,TO,2025-06-17,35.48,35.48,35.29,35.35,35.35,11172
XEMC,TO,2025-06-17,49.6,49.6,49.38,49.46,49.46,4502
XEN,TO,2025-06-17,40.53,40.53,40.34,40.42,40.42,580
XEQT,TO,2025-06-17,34.87,34.88,34.74,34.78,34.78,296122
XESG,TO,2025-06-17,32.67,32.67,32.55,32.57,32.57,1877
XETM,TO,2025-06-17,42.1,42.1,42.1,42.1,42.1,146
XEU,TO,2025-06-17,34.51,34.51,34.26,34.3,34.3,10029
XEXP,TO,2025-06-17,51.85,51.85,51.85,51.85,51.85,798
XFH,TO,2025-06-17,34.42,34.48,34.32,34.34,34.34,14524
XFLX,TO,2025-06-17,38.75,38.755,38.75,38.75,38.75,934
XFN,TO,2025-06-17,63.05,63.17,62.82,63.02,63.02,112991
XFR,TO,2025-06-17,20.04,20.04,20.02,20.03,20.03,37485
XGB,TO,2025-06-17,19.24,19.24,19.21,19.23,19.23,28515
XGD,TO,2025-06-17,32.02,32.04,31.56,31.95,31.95,692756
XGI,TO,2025-06-17,57.76,57.76,57.76,57.76,57.76,339
XGRO,TO,2025-06-17,31.27,31.27,31.17,31.21,31.21,56361
XHAK,TO,2025-06-17,51.43,51.43,51.43,51.43,51.43,0
XHB,TO,2025-06-17,19.79,19.8,19.78,19.78,19.78,8182
XHC,TO,2025-06-17,63.47,63.6,62.83,62.99,62.99,7388
XHD,TO,2025-06-17,34.23,34.23,34.02,34.02,34.02,1242
XHU,TO,2025-06-17,32.61,32.61,32.43,32.44,32.44,2005
XHY,TO,2025-06-17,16.64,16.66,16.6,16.66,16.66,6713
XIC,TO,2025-06-17,42.58,42.62,42.43,42.53,42.53,107990
XID,TO,2025-06-17,54.96,54.96,54.78,54.78,54.78,1796
XIG,TO,2025-06-17,19.63,19.63,19.59,19.61,19.61,7450
XIGS,TO,2025-06-17,37.39,37.39,37.36,37.365,37.365,5757
XIN,TO,2025-06-17,38.49,38.585,38.42,38.42,38.42,19276
XINC,TO,2025-06-17,20.6,20.6,20.59,20.6,20.6,2663
XIT,TO,2025-06-17,68.07,68.79,68.07,68.48,68.48,3618
XIU,TO,2025-06-17,39.99,40.01,39.8,39.91,39.91,2106202
XLB,TO,2025-06-17,18.77,18.77,18.69,18.71,18.71,26868
XLY,TO,2025-06-17,0.08,0.085,0.08,0.085,0.085,577649
XMA,TO,2025-06-17,27.75,27.75,27.48,27.65,27.65,3554
XMC,TO,2025-06-17,31.44,31.74,31.44,31.63,31.63,33409
XMC-U,TO,2025-06-17,23.54,23.54,23.4,23.4,23.4,600
XMD,TO,2025-06-17,42.14,42.21,42.14,42.21,42.21,14017
XMF-A,TO,2025-06-17,0.55,0.55,0.55,0.55,0.55,0
XMF-PB,TO,2025-06-17,5.15,5.15,5.15,5.15,5.15,0
XMF-PC,TO,2025-06-17,3.8,3.8,3.8,3.8,3.8,0
XMH,TO,2025-06-17,26.86,27.03,26.84,26.84,26.84,4174
XMI,TO,2025-06-17,43.5,43.53,43.46,43.48,43.48,14400
XML,TO,2025-06-17,30.26,30.26,30.26,30.26,30.26,0
XMM,TO,2025-06-17,30.14,30.14,30.14,30.14,30.14,0
XMS,TO,2025-06-17,38.01,38.01,37.96,37.96,37.96,3400
XMTM,TO,2025-06-17,38.42,38.48,38.4,38.48,38.48,986
XMU,TO,2025-06-17,84.08,84.69,84.08,84.63,84.63,8723
XMV,TO,2025-06-17,50.21,50.21,49.97,50.07,50.07,3892
XMW,TO,2025-06-17,56.28,56.33,56.28,56.33,56.33,800
XMY,TO,2025-06-17,32.59,32.59,32.59,32.59,32.59,0
XPF,TO,2025-06-17,15.2,15.2,15.13,15.13,15.13,5376
XQB,TO,2025-06-17,18.93,18.95,18.92,18.94,18.94,1629
XQLT,TO,2025-06-17,39.8,39.85,39.7,39.7,39.7,26277
XQQ,TO,2025-06-17,54.35,54.53,54.05,54.12,54.12,93680
XQQU,TO,2025-06-17,70.38,70.91,70.38,70.67,70.67,1153
XRB,TO,2025-06-17,22.59,22.65,22.56,22.56,22.56,4178
XRE,TO,2025-06-17,15.59,15.61,15.46,15.56,15.56,355881
XSAB,TO,2025-06-17,18.05,18.06,18.04,18.05,18.05,3810
XSB,TO,2025-06-17,26.92,26.92,26.89,26.91,26.91,44790
XSC,TO,2025-06-17,17.85,17.85,17.85,17.85,17.85,0
XSE,TO,2025-06-17,17.83,17.83,17.81,17.81,17.81,800
XSEA,TO,2025-06-17,28.64,28.64,28.55,28.56,28.56,716
XSEM,TO,2025-06-17,22.78,22.81,22.74,22.78,22.78,1490
XSH,TO,2025-06-17,19.08,19.11,19.08,19.11,19.11,13866
XSHG,TO,2025-06-17,39.41,39.41,39.41,39.41,39.41,1615
XSI,TO,2025-06-17,16.96,16.96,16.96,16.96,16.96,0
XSMC,TO,2025-06-17,29.0,29.21,29.0,29.06,29.06,28003
XSMH,TO,2025-06-17,26.26,26.27,26.04,26.04,26.04,28365
XSP,TO,2025-06-17,62.07,62.26,61.78,61.82,61.82,269837
XST,TO,2025-06-17,59.06,59.26,58.95,59.04,59.04,7139
XSTB,TO,2025-06-17,19.8,19.8,19.8,19.8,19.8,2281
XSTH,TO,2025-06-17,37.6,37.67,37.6,37.66,37.66,2092
XSTP,TO,2025-06-17,41.99,42.26,41.99,42.25,42.25,5810
XSU,TO,2025-06-17,40.15,40.44,40.07,40.07,40.07,10521
XSUS,TO,2025-06-17,43.22,43.24,43.15,43.17,43.17,6150
XTC,TO,2025-06-17,6.98,6.98,6.85,6.87,6.87,10532
XTD,TO,2025-06-17,4.2,4.25,4.19,4.2,4.2,10324
XTD-PA,TO,2025-06-17,10.5,10.5,10.48,10.5,10.5,28005
XTG,TO,2025-06-17,2.04,2.08,2.04,2.07,2.07,7015
XTLH,TO,2025-06-17,31.79,32.06,31.73,32.01,32.01,42197
XTLT,TO,2025-06-17,33.11,33.46,33.08,33.44,33.44,27340
XTOT,TO,2025-06-17,40.17,40.23,40.15,40.15,40.15,2414
XTR,TO,2025-06-17,11.31,11.31,11.31,11.31,11.31,535
XTRA,TO,2025-06-17,0.355,0.37,0.35,0.355,0.355,78725
XUH,TO,2025-06-17,48.97,48.97,48.67,48.69,48.69,6742
XUS,TO,2025-06-17,50.8,50.91,50.7,50.77,50.77,130199
XUS-U,TO,2025-06-17,37.92,37.99,37.91,37.91,37.91,638
XUSR,TO,2025-06-17,90.27,90.38,90.25,90.38,90.38,453
XUT,TO,2025-06-17,30.09,30.09,29.87,30.04,30.04,109890
XUU,TO,2025-06-17,60.15,60.25,60.0,60.1,60.1,9569
XVLU,TO,2025-06-17,28.21,28.26,28.07,28.07,28.07,12700
XWD,TO,2025-06-17,96.37,96.67,96.28,96.4,96.4,4303
Y,TO,2025-06-17,11.4,11.48,11.15,11.25,11.25,2501
YCM,TO,2025-06-17,4.85,4.85,4.85,4.85,4.85,300
YCM-PA,TO,2025-06-17,5.0,5.0,5.0,5.0,5.0,0
YCM-PB,TO,2025-06-17,5.2,5.2,5.2,5.2,5.2,0
YGR,TO,2025-06-17,0.99,1.01,0.97,1.01,1.01,36092
YRB,TO,2025-06-17,0.04,0.04,0.04,0.04,0.04,0
ZACE,TO,2025-06-17,48.04,48.04,48.02,48.04,48.04,401
ZAG,TO,2025-06-17,13.76,13.78,13.74,13.77,13.77,203681
ZBAL,TO,2025-06-17,40.86,40.87,40.83,40.84,40.84,8775
ZBAL-T,TO,2025-06-17,30.53,30.53,30.35,30.37,30.37,6651
ZBBB,TO,2025-06-17,28.9,28.93,28.9,28.93,28.93,1600
ZBI,TO,2025-06-17,30.56,30.66,30.56,30.66,30.66,2557
ZBK,TO,2025-06-17,33.72,34.06,33.72,33.95,33.95,2965
ZCB,TO,2025-06-17,47.4,47.42,47.4,47.42,47.42,1023
ZCDB,TO,2025-06-17,31.04,31.04,31.04,31.04,31.04,107
ZCH,TO,2025-06-17,18.15,18.21,18.15,18.18,18.18,1579
ZCLN,TO,2025-06-17,13.87,13.87,13.39,13.47,13.47,6090
ZCM,TO,2025-06-17,15.55,15.57,15.55,15.56,15.56,28735
ZCN,TO,2025-06-17,35.72,35.73,35.57,35.67,35.67,87817
ZCON,TO,2025-06-17,35.72,35.72,35.58,35.58,35.58,2355
ZCPB,TO,2025-06-17,27.99,27.99,27.99,27.99,27.99,3977
ZCS,TO,2025-06-17,13.99,13.99,13.98,13.99,13.99,10687
ZCS-L,TO,2025-06-17,25.02,25.02,25.02,25.02,25.02,200
ZDB,TO,2025-06-17,15.01,15.03,15.01,15.03,15.03,6341
ZDH,TO,2025-06-17,28.24,28.24,28.165,28.165,28.165,1375
ZDI,TO,2025-06-17,25.79,25.79,25.66,25.675,25.675,17952
ZDJ,TO,2025-06-17,65.02,65.02,64.735,64.735,64.735,477
ZDM,TO,2025-06-17,31.61,31.61,31.42,31.45,31.45,26622
ZDV,TO,2025-06-17,23.67,23.67,23.54,23.6,23.6,20462
ZDY,TO,2025-06-17,44.94,45.01,44.78,44.81,44.81,63116
ZDY-U,TO,2025-06-17,33.74,33.74,33.69,33.69,33.69,201
ZEA,TO,2025-06-17,25.47,25.47,25.36,25.38,25.38,72083
ZEB,TO,2025-06-17,44.34,44.51,44.285,44.4,44.4,431937
ZEF,TO,2025-06-17,12.35,12.35,12.29,12.29,12.29,689
ZEM,TO,2025-06-17,22.8,22.88,22.77,22.84,22.84,20617
ZEO,TO,2025-06-17,76.86,77.35,76.86,76.93,76.93,48568
ZEQ,TO,2025-06-17,30.64,30.65,30.43,30.43,30.43,6244
ZEQT,TO,2025-06-17,53.28,53.28,53.01,53.09,53.09,21597
ZESG,TO,2025-06-17,38.55,38.55,38.55,38.55,38.55,1110
ZFC,TO,2025-06-17,47.69,47.69,47.69,47.69,47.69,100
ZFH,TO,2025-06-17,14.92,14.93,14.89,14.91,14.91,12804
ZFL,TO,2025-06-17,12.35,12.37,12.32,12.35,12.35,27300
ZFM,TO,2025-06-17,14.68,14.69,14.68,14.69,14.69,2602
ZFN,TO,2025-06-17,54.47,54.67,54.47,54.63,54.63,465
ZFS,TO,2025-06-17,13.89,13.9,13.89,13.9,13.9,1900
ZGB,TO,2025-06-17,45.66,45.66,45.62,45.62,45.62,2965
ZGD,TO,2025-06-17,160.56,160.56,158.19,160.05,160.05,1262
ZGI,TO,2025-06-17,50.46,50.64,50.46,50.61,50.61,2367
ZGLD,TO,2025-06-17,49.63,49.72,49.2,49.7,49.7,26363
ZGQ,TO,2025-06-17,68.8,68.8,68.43,68.45,68.45,9800
ZGRN,TO,2025-06-17,40.12,40.12,40.12,40.12,40.12,0
ZGRO,TO,2025-06-17,46.76,46.76,46.61,46.67,46.67,14365
ZGRO-T,TO,2025-06-17,35.33,35.33,35.33,35.33,35.33,432
ZGSB,TO,2025-06-17,27.23,27.23,27.21,27.21,27.21,1350
ZHP,TO,2025-06-17,16.74,16.76,16.73,16.76,16.76,600
ZHU,TO,2025-06-17,39.22,39.22,39.22,39.22,39.22,0
ZHY,TO,2025-06-17,11.12,11.12,11.1,11.1,11.1,1677
ZIC,TO,2025-06-17,17.79,17.87,17.79,17.86,17.86,3607
ZIC-U,TO,2025-06-17,13.24,13.24,13.24,13.24,13.24,0
ZID,TO,2025-06-17,49.0,49.18,48.91,48.91,48.91,10426
ZIN,TO,2025-06-17,43.55,43.55,43.55,43.55,43.55,0
ZIQ,TO,2025-06-17,30.63,30.84,30.6,30.65,30.65,2335
ZIU,TO,2025-06-17,61.38,61.38,61.23,61.23,61.23,1320
ZJG,TO,2025-06-17,137.01,137.68,136.7,137.68,137.68,2821
ZJK,TO,2025-06-17,18.49,18.49,18.34,18.42,18.42,20100
ZJPN,TO,2025-06-17,37.0,37.0,36.775,36.775,36.775,1864
ZLB,TO,2025-06-17,52.59,52.65,52.33,52.51,52.51,40331
ZLC,TO,2025-06-17,15.15,15.17,15.14,15.17,15.17,24514
ZLD,TO,2025-06-17,30.11,30.12,30.11,30.11,30.11,2516
ZLE,TO,2025-06-17,19.99,19.99,19.99,19.99,19.99,0
ZLH,TO,2025-06-17,35.06,35.08,35.05,35.08,35.08,3971
ZLI,TO,2025-06-17,28.87,28.88,28.78,28.82,28.82,5883
ZLSC,TO,2025-06-17,39.82,39.82,39.75,39.77,39.77,5596
ZLU,TO,2025-06-17,54.02,54.42,54.01,54.32,54.32,11436
ZLU-U,TO,2025-06-17,41.07,41.07,41.07,41.07,41.07,0
ZMBS,TO,2025-06-17,30.57,30.57,30.57,30.57,30.57,0
ZMI,TO,2025-06-17,17.38,17.38,17.3,17.34,17.34,19843
ZMI-U,TO,2025-06-17,28.8,28.8,28.8,28.8,28.8,0
ZMID,TO,2025-06-17,43.56,44.21,43.56,44.12,44.12,799
ZMID-F,TO,2025-06-17,39.65,39.65,39.65,39.65,39.65,378
ZMMK,TO,2025-06-17,49.92,49.93,49.92,49.92,49.92,295791
ZMP,TO,2025-06-17,14.0,14.0,14.0,14.0,14.0,1027
ZMSB,TO,2025-06-17,29.11,29.11,29.11,29.11,29.11,0
ZMT,TO,2025-06-17,73.11,73.11,73.11,73.11,73.11,0
ZMU,TO,2025-06-17,12.62,12.66,12.62,12.66,12.66,1600
ZNQ,TO,2025-06-17,95.94,96.15,95.71,95.85,95.85,7642
ZPAY,TO,2025-06-17,31.1,31.11,30.95,31.01,31.01,5815
ZPAY-F,TO,2025-06-17,28.27,28.27,28.18,28.18,28.18,1719
ZPAY-U,TO,2025-06-17,29.68,29.68,29.68,29.68,29.68,0
ZPH,TO,2025-06-17,14.18,14.18,14.13,14.14,14.14,1015
ZPL,TO,2025-06-17,12.01,12.04,12.005,12.04,12.04,1100
ZPR,TO,2025-06-17,11.33,11.4,11.33,11.4,11.4,93412
ZPS,TO,2025-06-17,12.39,12.39,12.385,12.39,12.39,2200
ZPW,TO,2025-06-17,15.25,15.25,15.25,15.25,15.25,1600
ZPW-U,TO,2025-06-17,15.06,15.06,15.06,15.06,15.06,1000
ZQB,TO,2025-06-17,29.29,29.29,29.29,29.29,29.29,174
ZQQ,TO,2025-06-17,150.77,151.29,149.9,150.09,150.09,21675
ZRE,TO,2025-06-17,22.08,22.08,21.89,21.97,21.97,12389
ZRR,TO,2025-06-17,14.18,14.18,14.18,14.18,14.18,480
ZSB,TO,2025-06-17,48.94,48.94,48.94,48.94,48.94,5800
ZSDB,TO,2025-06-17,31.2,31.21,31.19,31.2,31.2,4443
ZSML,TO,2025-06-17,38.86,38.86,38.54,38.54,38.54,697
ZSP,TO,2025-06-17,89.52,89.72,89.33,89.48,89.48,270236
ZSP-U,TO,2025-06-17,65.87,65.98,65.5,65.56,65.56,10001
ZST,TO,2025-06-17,49.04,49.04,49.01,49.02,49.02,35258
ZST-L,TO,2025-06-17,61.37,61.4,61.37,61.395,61.395,3130
ZSU,TO,2025-06-17,13.39,13.39,13.39,13.39,13.39,283
ZTIP,TO,2025-06-17,31.96,32.16,31.96,32.16,32.16,770
ZTIP-F,TO,2025-06-17,28.94,28.97,28.94,28.97,28.97,300
ZUAG,TO,2025-06-17,30.72,30.72,30.72,30.72,30.72,0
ZUAG-F,TO,2025-06-17,29.54,29.55,29.41,29.55,29.55,2958
ZUAG-U,TO,2025-06-17,30.32,30.32,30.32,30.32,30.32,800
ZUB,TO,2025-06-17,30.74,31.01,30.65,30.76,30.76,17153
ZUCM,TO,2025-06-17,30.14,30.32,30.14,30.32,30.32,7911
ZUCM-U,TO,2025-06-17,30.04,30.05,30.04,30.05,30.05,11956
ZUD,TO,2025-06-17,30.68,30.68,30.68,30.68,30.68,299
ZUE,TO,2025-06-17,82.4,82.48,81.89,81.91,81.91,34354
ZUH,TO,2025-06-17,62.51,62.51,61.99,61.99,61.99,409
ZUP,TO,2025-06-17,19.1,19.39,19.1,19.39,19.39,1900
ZUQ,TO,2025-06-17,85.37,85.7,85.34,85.45,85.45,10623
ZUQ-F,TO,2025-06-17,52.63,52.63,52.61,52.61,52.61,1000
ZUQ-U,TO,2025-06-17,55.75,55.75,55.61,55.61,55.61,450
ZUS-U,TO,2025-06-17,46.86,46.87,46.86,46.86,46.86,1338
ZUS-V,TO,2025-06-17,58.85,58.85,58.85,58.85,58.85,200
ZUT,TO,2025-06-17,24.23,24.23,24.05,24.15,24.15,7725
ZVC,TO,2025-06-17,31.41,31.41,31.41,31.41,31.41,0
ZVU,TO,2025-06-17,30.09,30.09,30.09,30.09,30.09,0
ZWA,TO,2025-06-17,25.4,25.4,25.28,25.28,25.28,1698
ZWB,TO,2025-06-17,20.21,20.27,20.18,20.22,20.22,132093
ZWB-U,TO,2025-06-17,25.32,25.32,25.32,25.32,25.32,200
ZWC,TO,2025-06-17,18.55,18.55,18.45,18.51,18.51,81986
ZWE,TO,2025-06-17,20.19,20.19,20.1,20.1,20.1,38784
ZWEN,TO,2025-06-17,27.96,28.1,27.92,27.98,27.98,12928
ZWG,TO,2025-06-17,30.62,30.78,30.62,30.7,30.7,3350
ZWGD,TO,2025-06-17,30.17,30.17,30.17,30.17,30.17,0
ZWH,TO,2025-06-17,23.07,23.07,22.93,22.98,22.98,47923
ZWH-U,TO,2025-06-17,23.26,23.26,23.02,23.02,23.02,334
ZWHC,TO,2025-06-17,26.12,26.12,26.12,26.12,26.12,220
ZWK,TO,2025-06-17,22.03,22.17,22.0,22.11,22.11,24979
ZWP,TO,2025-06-17,18.75,18.78,18.69,18.71,18.71,40266
ZWQT,TO,2025-06-17,16.56,16.56,16.56,16.56,16.56,111
ZWS,TO,2025-06-17,19.79,19.79,19.65,19.65,19.65,1036
ZWT,TO,2025-06-17,51.02,51.06,50.97,51.0,51.0,814
ZWU,TO,2025-06-17,10.97,10.98,10.9,10.93,10.93,657826
ZXCQ,TO,2025-06-17,10.06,10.06,10.06,10.06,10.06,800
ZXLB,TO,2025-06-17,27.6,27.71,27.6,27.71,27.71,208
ZXLB-F,TO,2025-06-17,29.64,29.64,29.64,29.64,29.64,0
ZXLC,TO,2025-06-17,28.17,28.38,28.17,28.38,28.38,245
ZXLE,TO,2025-06-17,28.4,28.4,28.4,28.4,28.4,400
ZXLE-F,TO,2025-06-17,29.96,29.96,29.96,29.96,29.96,0
ZXLF,TO,2025-06-17,27.62,27.62,27.62,27.62,27.62,0
ZXLI,TO,2025-06-17,29.13,29.28,29.13,29.28,29.28,200
ZXLK,TO,2025-06-17,29.77,29.83,29.77,29.83,29.83,804
ZXLK-F,TO,2025-06-17,31.8,31.8,31.6,31.6,31.6,200
ZXLP,TO,2025-06-17,28.71,28.71,28.71,28.71,28.71,100
ZXLR-F,TO,2025-06-17,30.38,30.38,30.38,30.38,30.38,0
ZXLU,TO,2025-06-17,28.89,28.89,28.84,28.84,28.84,235
ZXLU-F,TO,2025-06-17,30.89,30.89,30.89,30.89,30.89,1000
ZXLV,TO,2025-06-17,25.62,25.62,25.62,25.62,25.62,300
ZXLY,TO,2025-06-17,26.17,26.17,26.17,26.17,26.17,0
ZXLY-F,TO,2025-06-17,27.86,27.86,27.86,27.86,27.86,0
ZXM,TO,2025-06-17,48.57,48.57,48.57,48.57,48.57,0
ZXM-B,TO,2025-06-17,45.96,45.96,45.96,45.96,45.96,1100
ZZZD,TO,2025-06-17,29.28,29.28,29.28,29.28,29.28,0
