date,open,high,low,close,adjusted_close,volume
2015-05-21,35.03,35.3,30.0,31.25,3.125,2703000
2015-05-22,32.03,38.03,32.0,34.94,3.494,3228000
2015-05-25,35.0,37.47,35.0,37.26,3.726,1178000
2015-05-26,36.0,37.69,36.0,36.92,3.692,968000
2015-05-27,38.0,38.16,33.63,34.5,3.45,1357000
2015-05-28,34.6,34.6,33.14,34.0,3.4,384000
2015-05-29,33.71,34.25,33.35,33.52,3.352,228000
2015-06-01,33.62,34.38,33.43,34.24,3.424,114000
2015-06-02,34.72,34.72,33.13,33.13,3.313,73000
2015-06-03,33.98,34.26,33.0,34.19,3.419,298000
2015-06-04,34.99,34.99,31.88,33.45,3.345,322000
2015-06-05,33.97,33.98,33.1,33.98,3.398,43000
2015-06-08,33.98,34.11,33.5,33.64,3.364,48000
2015-06-09,33.29,34.99,33.01,34.99,3.499,122000
2015-06-10,34.83,34.99,34.37,34.5,3.45,116000
2015-06-11,35.5,37.65,35.5,37.65,3.765,239000
2015-06-12,38.92,41.5,38.67,41.45,4.145,618000
2015-06-15,42.0,46.99,41.36,43.5,4.35,873000
2015-06-16,44.89,47.2,44.69,46.95,4.695,623000
2015-06-17,48.8,51.92,47.01,47.19,4.719,1067000
2015-06-18,47.2,47.2,42.0,43.5,4.35,832000
2015-06-19,44.44,44.725,40.0,43.2,4.32,565000
2015-06-22,44.69,47.49,44.68,45.5,4.55,431000
2015-06-23,47.13,47.2,43.41,43.41,4.341,275000
2015-06-24,44.49,46.22,42.5,44.6,4.46,228000
2015-06-25,44.99,45.15,42.9,43.3,4.33,144000
2015-06-26,43.45,43.45,40.6,41.2,4.12,250000
2015-06-29,40.34,41.45,38.66,38.77,3.877,254000
2015-06-30,38.99,42.74,38.99,42.38,4.238,228000
2015-07-02,39.68,40.06,38.6,39.25,3.925,280000
2015-07-03,39.0,40.07,39.0,39.8,3.98,68000
2015-07-06,38.45,39.95,38.45,38.46,3.846,93000
2015-07-07,38.46,39.01,36.41,39.01,3.901,233000
2015-07-08,39.0,39.0,37.05,37.05,3.705,242000
2015-07-09,37.65,38.5,36.7,37.25,3.725,85000
2015-07-10,38.42,38.5,37.15,37.48,3.748,131000
2015-07-13,38.0,39.55,38.0,38.75,3.875,142000
2015-07-14,39.62,39.79,39.05,39.45,3.945,172000
2015-07-15,39.99,39.99,37.5,37.9,3.79,164000
2015-07-16,38.01,38.47,37.5,38.0,3.8,51000
2015-07-17,38.5,41.9,38.0,41.9,4.19,397000
2015-07-20,41.89,44.0,41.5,43.64,4.364,312000
2015-07-21,44.16,44.89,41.73,43.0,4.3,245000
2015-07-22,41.89,43.49,41.0,42.06,4.206,140000
2015-07-23,43.29,44.75,42.75,42.83,4.283,124000
2015-07-24,43.84,45.37,43.56,43.56,4.356,202000
2015-07-27,42.99,43.91,41.82,42.86,4.286,101000
2015-07-28,42.86,44.58,42.54,44.25,4.425,112000
2015-07-29,43.95,44.8,43.2,44.52,4.452,139000
2015-07-30,50.0,52.0,47.97,49.5,4.95,848000
2015-07-31,48.02,49.72,47.74,48.88,4.888,252000
2015-08-04,50.68,53.5,50.4,50.4,5.04,447000
2015-08-05,50.56,52.5,50.16,50.38,5.038,223000
2015-08-06,49.98,50.75,46.26,47.32,4.732,429000
2015-08-07,47.53,47.53,45.01,46.51,4.651,171000
2015-08-10,47.2,47.25,42.87,43.06,4.306,198000
2015-08-11,42.92,46.71,42.92,46.05,4.605,196000
2015-08-12,45.6,45.6,43.83,45.26,4.526,116000
2015-08-13,45.74,47.69,45.0,46.45,4.645,164000
2015-08-14,47.18,47.18,44.8,45.475,4.5475,130000
2015-08-17,45.51,45.55,43.86,45.36,4.536,71000
2015-08-18,44.32,44.55,42.52,42.52,4.252,143000
2015-08-19,42.25,42.25,40.27,40.91,4.091,283000
2015-08-20,40.91,40.91,38.26,38.58,3.858,278000
2015-08-21,37.75,39.3,36.0,36.68,3.668,292000
2015-08-24,31.05,37.42,30.5,35.0,3.5,1009000
2015-08-25,37.55,39.5,35.89,36.03,3.603,437000
2015-08-26,37.91,37.99,35.1,37.65,3.765,294000
2015-08-27,37.8,39.15,37.28,37.57,3.757,221000
2015-08-28,37.35,38.25,36.71,36.99,3.699,159000
2015-08-31,37.0,37.89,36.0,36.71,3.671,147000
2015-09-01,36.24,36.24,34.9,34.98,3.498,307000
2015-09-02,35.5,36.06,34.75,35.3,3.53,98000
2015-09-03,35.3,36.82,35.3,36.09,3.609,86000
2015-09-04,36.4,36.4,35.0,35.5,3.55,59000
2015-09-08,36.3,36.49,35.46,35.51,3.551,65000
2015-09-09,36.0,37.69,34.37,34.38,3.438,262000
2015-09-10,34.43,35.0,34.0,34.0,3.4,75000
2015-09-11,34.88,35.0,34.05,34.9,3.49,64000
2015-09-14,34.6,36.0,34.5,36.0,3.6,84000
2015-09-15,36.49,37.5,36.0,37.22,3.722,107000
2015-09-16,37.84,38.7,37.46,38.09,3.809,51000
2015-09-17,39.49,49.85,39.28,47.25,4.725,1652000
2015-09-18,47.5,48.75,45.04,46.94,4.694,998000
2015-09-21,46.1,48.82,45.8,46.05,4.605,615000
2015-09-22,45.48,45.78,43.63,44.48,4.448,528000
2015-09-23,45.14,46.0,43.83,44.73,4.473,329000
2015-09-24,44.62,45.5,42.88,44.46,4.446,601000
2015-09-25,45.08,47.45,44.23,45.21,4.521,627000
2015-09-28,45.09,45.21,43.48,44.25,4.425,641000
2015-09-29,43.04,45.41,43.04,45.25,4.525,313000
2015-09-30,46.03,47.65,45.33,46.66,4.666,182000
2015-10-01,47.46,47.46,44.8,46.38,4.638,319000
2015-10-02,46.88,47.5,45.27,47.28,4.728,306000
2015-10-05,47.47,51.29,47.43,48.0,4.8,919000
2015-10-06,49.0,49.0,45.6,47.11,4.711,753000
2015-10-07,46.97,48.71,46.84,48.5,4.85,467000
2015-10-08,49.58,50.85,47.89,49.72,4.972,663000
2015-10-09,49.94,49.95,47.73,47.95,4.795,228000
2015-10-13,46.08,46.5,43.03,43.22,4.322,911000
2015-10-14,44.22,44.83,41.91,43.44,4.344,612000
2015-10-15,43.5,44.32,43.0,43.85,4.385,193000
2015-10-16,44.25,44.5,43.27,44.46,4.446,251000
2015-10-19,45.36,45.36,43.24,43.39,4.339,337000
2015-10-20,43.6,43.6,40.51,40.9,4.09,594000
2015-10-21,41.05,42.62,40.86,42.0,4.2,465000
2015-10-22,42.17,42.53,41.63,41.91,4.191,229000
2015-10-23,42.96,42.96,41.0,41.73,4.173,364000
2015-10-26,41.7,41.7,40.5,41.02,4.102,295000
2015-10-27,40.51,41.14,39.49,40.87,4.087,407000
2015-10-28,41.0,41.15,40.12,41.15,4.115,222000
2015-10-29,41.13,41.91,39.7,41.61,4.161,259000
2015-10-30,41.32,42.36,41.0,42.06,4.206,314000
2015-11-02,42.36,43.99,40.52,40.52,4.052,514000
2015-11-03,41.19,41.5,39.16,41.3,4.13,665000
2015-11-04,43.99,44.24,38.94,41.5,4.15,1145000
2015-11-05,42.72,44.06,41.42,41.72,4.172,654000
2015-11-06,42.75,43.0,41.9,41.9,4.19,586000
2015-11-09,42.1,42.1,39.55,40.1,4.01,650000
2015-11-10,40.96,40.96,37.36,38.16,3.816,697000
2015-11-11,38.2,38.2,36.8,37.37,3.737,211000
2015-11-12,37.02,39.54,36.84,38.39,3.839,243000
2015-11-13,39.21,39.78,37.5,37.92,3.792,542000
2015-11-16,38.31,38.31,35.37,36.56,3.656,816000
2015-11-17,35.05,36.0,34.0,35.24,3.524,1097000
2015-11-18,35.78,37.34,35.47,37.34,3.734,810000
2015-11-19,37.33,39.44,36.98,39.18,3.918,648000
2015-11-20,39.49,39.49,37.0,37.62,3.762,558000
2015-11-23,37.75,38.78,37.29,38.74,3.874,301000
2015-11-24,38.2,38.2,35.73,35.98,3.598,1035000
2015-11-25,36.09,36.58,35.0,35.24,3.524,366000
2015-11-26,35.97,36.75,35.5,36.36,3.636,223000
2015-11-27,36.16,36.2,35.32,36.2,3.62,266000
2015-11-30,36.02,36.02,35.05,35.24,3.524,1186000
2015-12-01,35.22,35.7,34.98,35.21,3.521,592000
2015-12-02,35.25,35.43,34.51,35.29,3.529,315000
2015-12-03,35.86,35.86,35.07,35.75,3.575,167000
2015-12-04,36.03,36.45,35.9,36.32,3.632,287000
2015-12-07,36.11,36.56,35.95,36.3,3.63,194000
2015-12-08,36.01,36.39,35.5,35.99,3.599,147000
2015-12-09,35.59,35.59,33.25,33.66,3.366,733000
2015-12-10,33.31,34.33,33.31,34.07,3.407,183000
2015-12-11,33.9,34.22,33.62,34.08,3.408,141000
2015-12-14,34.0,34.14,33.3,33.55,3.355,173000
2015-12-15,33.31,35.02,33.3,34.94,3.494,392000
2015-12-16,35.5,36.34,35.01,36.16,3.616,257000
2015-12-17,36.71,37.44,36.4,37.0,3.7,719000
2015-12-18,37.19,37.19,35.35,35.35,3.535,454000
2015-12-21,35.7,36.06,33.64,34.14,3.414,399000
2015-12-22,34.12,34.55,33.88,34.43,3.443,219000
2015-12-23,34.06,35.1,34.06,34.5,3.45,111000
2015-12-24,34.61,35.25,34.59,34.99,3.499,45000
2015-12-29,34.79,35.6,34.67,34.8,3.48,361000
2015-12-30,35.11,37.0,35.11,36.09,3.609,333000
2015-12-31,36.21,36.25,34.94,35.6,3.56,183000
2016-01-04,35.48,36.0,34.15,35.92,3.592,366000
2016-01-05,36.16,36.82,35.24,35.45,3.545,500000
2016-01-06,35.13,35.66,34.0,35.61,3.561,187000
2016-01-07,35.57,35.75,34.75,34.76,3.476,282000
2016-01-08,34.89,35.7,34.89,35.15,3.515,182000
2016-01-11,35.37,35.37,33.5,33.89,3.389,387000
2016-01-12,34.45,35.08,33.5,33.8,3.38,482000
2016-01-13,33.96,33.96,30.63,30.68,3.068,461000
2016-01-14,30.28,30.52,28.56,29.59,2.959,392000
2016-01-15,29.44,29.44,26.84,28.9,2.89,600000
2016-01-18,28.18,28.93,28.15,28.59,2.859,109000
2016-01-19,30.74,31.29,29.5,29.56,2.956,551000
2016-01-20,29.49,30.31,27.2,29.73,2.973,516000
2016-01-21,29.44,33.3,29.44,32.6,3.26,765000
2016-01-22,33.45,33.48,32.05,32.7,3.27,354000
2016-01-25,33.29,33.71,32.3,33.1,3.31,391000
2016-01-26,33.28,33.28,31.75,32.51,3.251,221000
2016-01-27,32.12,32.7,31.03,31.03,3.103,468000
2016-01-28,31.19,32.0,30.92,31.61,3.161,285000
2016-01-29,31.34,32.68,31.29,32.5,3.25,846000
2016-02-01,33.06,33.06,32.1,32.72,3.272,100000
2016-02-02,32.69,33.01,31.2,31.76,3.176,399000
2016-02-03,31.77,31.77,30.36,31.67,3.167,840000
2016-02-04,32.16,32.52,31.44,32.23,3.223,544000
2016-02-05,32.37,32.37,29.65,30.41,3.041,549000
2016-02-08,29.21,29.88,27.81,28.44,2.844,538000
2016-02-09,28.03,29.0,27.34,27.53,2.753,229000
2016-02-10,28.41,28.5,27.67,27.75,2.775,244000
2016-02-11,28.41,28.41,26.35,26.95,2.695,201000
2016-02-12,27.03,27.38,25.85,26.81,2.681,328000
2016-02-16,28.96,29.64,27.64,28.48,2.848,2663000
2016-02-17,28.96,34.26,28.96,30.7,3.07,1908000
2016-02-18,31.49,31.5,28.3,28.34,2.834,1467000
2016-02-19,28.78,28.78,27.5,28.34,2.834,851000
2016-02-22,28.72,29.2,28.32,29.16,2.916,542000
2016-02-23,29.51,29.51,27.0,27.71,2.771,680000
2016-02-24,27.89,28.95,27.27,28.71,2.871,598000
2016-02-25,29.03,29.58,28.38,29.38,2.938,389000
2016-02-26,29.64,29.85,29.0,29.79,2.979,456000
2016-02-29,29.92,30.9,29.64,30.13,3.013,1524000
2016-03-01,30.12,30.62,29.9,30.41,3.041,447000
2016-03-02,30.47,32.74,30.4,32.53,3.253,752000
2016-03-03,32.56,34.41,31.75,32.61,3.261,834000
2016-03-04,32.83,33.93,32.82,33.51,3.351,400000
2016-03-07,33.95,34.39,33.03,34.24,3.424,693000
2016-03-08,34.99,36.15,34.82,35.88,3.588,1039000
2016-03-09,36.36,36.36,34.53,34.59,3.459,736000
2016-03-10,35.27,35.27,33.65,34.03,3.403,591000
2016-03-11,34.33,35.4,34.12,35.37,3.537,423000
2016-03-14,35.94,35.94,34.89,35.28,3.528,409000
2016-03-15,35.29,35.29,34.34,34.59,3.459,504000
2016-03-16,34.67,35.49,34.25,35.16,3.516,419000
2016-03-17,35.02,35.49,34.7,35.22,3.522,294000
2016-03-18,36.15,37.48,35.8,36.99,3.699,1211000
2016-03-21,37.41,37.55,36.16,36.67,3.667,532000
2016-03-22,36.66,36.77,35.31,35.84,3.584,800000
2016-03-23,35.67,35.95,34.43,34.58,3.458,479000
2016-03-24,35.99,36.41,34.95,35.85,3.585,353000
2016-03-28,36.68,36.68,35.52,36.37,3.637,404000
2016-03-29,36.57,36.88,36.2,36.6,3.66,325000
2016-03-30,36.86,37.08,35.96,36.1,3.61,449000
2016-03-31,36.5,36.92,35.96,36.72,3.672,441000
2016-04-01,36.65,37.26,36.2,37.03,3.703,564000
2016-04-04,37.52,39.09,37.52,38.12,3.812,935000
2016-04-05,38.37,38.37,37.71,37.9,3.79,334000
2016-04-06,37.95,38.95,37.92,38.66,3.866,336000
2016-04-07,38.66,38.98,38.14,38.4,3.84,267000
2016-04-08,38.5,38.86,38.05,38.33,3.833,256000
2016-04-11,39.31,39.31,38.07,38.11,3.811,407000
2016-04-12,38.1,38.43,37.8,37.95,3.795,438000
2016-04-13,38.62,38.75,38.0,38.22,3.822,378000
2016-04-14,38.59,39.78,38.26,39.78,3.978,472000
2016-04-15,39.78,39.93,39.3,39.83,3.983,284000
2016-04-18,39.99,40.84,39.22,40.35,4.035,526000
2016-04-19,40.5,40.99,40.0,40.5,4.05,522000
2016-04-20,40.88,40.9,39.85,39.85,3.985,448000
2016-04-21,40.0,40.32,39.86,40.18,4.018,245000
2016-04-22,40.16,40.52,39.5,40.25,4.025,300000
2016-04-25,40.62,40.62,39.1,39.59,3.959,304000
2016-04-26,39.75,39.77,39.06,39.76,3.976,211000
2016-04-27,40.1,40.27,39.53,40.19,4.019,302000
2016-04-28,40.25,40.3,39.71,39.89,3.989,274000
2016-04-29,39.89,40.36,39.73,39.94,3.994,351000
2016-05-02,39.8,39.8,38.75,39.42,3.942,1011000
2016-05-03,39.33,39.7,38.9,39.19,3.919,326000
2016-05-04,39.0,39.59,36.0,38.19,3.819,2018000
2016-05-05,38.23,38.23,36.25,36.78,3.678,1426000
2016-05-06,36.39,36.66,35.52,35.91,3.591,691000
2016-05-09,35.81,35.81,33.5,34.37,3.437,815000
2016-05-10,34.31,34.64,33.88,34.46,3.446,576000
2016-05-11,34.47,34.47,33.49,33.79,3.379,733000
2016-05-12,33.53,34.81,33.53,34.61,3.461,569000
2016-05-13,34.65,35.11,33.85,34.03,3.403,785000
2016-05-16,34.09,34.2,33.55,33.71,3.371,448000
2016-05-17,33.94,34.79,33.71,34.59,3.459,494000
2016-05-18,34.95,35.45,34.11,34.37,3.437,651000
2016-05-19,34.34,34.5,33.8,34.02,3.402,569000
2016-05-20,34.38,34.66,34.15,34.25,3.425,329000
2016-05-24,34.53,35.82,34.49,35.57,3.557,709000
2016-05-25,35.82,36.9,35.55,36.71,3.671,709000
2016-05-26,36.93,36.93,35.83,36.01,3.601,574000
2016-05-27,36.35,37.37,36.17,37.27,3.727,440000
2016-05-30,37.73,38.81,37.28,38.2,3.82,617000
2016-05-31,37.99,38.58,37.4,38.47,3.847,5003000
2016-06-01,39.4,41.0,39.18,40.57,4.057,2551000
2016-06-02,40.61,40.61,38.98,39.12,3.912,903000
2016-06-03,39.06,39.06,37.95,38.28,3.828,596000
2016-06-06,38.76,38.76,38.02,38.43,3.843,361000
2016-06-07,38.52,38.64,37.77,38.14,3.814,295000
2016-06-08,38.08,38.54,37.76,38.25,3.825,296000
2016-06-09,38.44,38.44,37.32,37.44,3.744,275000
2016-06-10,37.27,37.27,35.9,36.12,3.612,439000
2016-06-13,36.06,36.23,35.54,35.82,3.582,464000
2016-06-14,35.76,37.36,35.76,37.32,3.732,362000
2016-06-15,37.57,38.0,37.01,37.1,3.71,424000
2016-06-16,37.6,37.6,36.4,36.71,3.671,362000
2016-06-17,36.62,37.45,36.35,37.26,3.726,538000
2016-06-20,37.65,38.54,36.95,38.14,3.814,1910000
2016-06-21,38.13,38.42,37.76,38.25,3.825,1160000
2016-06-22,38.43,38.43,37.81,38.24,3.824,385000
2016-06-23,38.56,40.24,37.97,39.87,3.987,1020000
2016-06-24,38.0,39.0,37.02,37.86,3.786,828000
2016-06-27,37.88,37.88,34.45,35.51,3.551,983000
2016-06-28,36.37,37.18,35.6,37.16,3.716,1075000
2016-06-29,37.91,39.4,37.91,39.35,3.935,1136000
2016-06-30,39.58,40.39,38.95,39.76,3.976,652000
2016-07-04,40.5,40.8,39.62,40.18,4.018,260000
2016-07-05,40.13,40.13,39.29,39.61,3.961,416000
2016-07-06,39.4,39.89,39.15,39.68,3.968,433000
2016-07-07,39.64,39.7,39.34,39.48,3.948,329000
2016-07-08,39.66,40.63,39.66,40.44,4.044,457000
2016-07-11,40.43,41.9,40.43,41.8,4.18,572000
2016-07-12,41.64,43.2,41.64,42.36,4.236,1144000
2016-07-13,42.59,42.92,41.4,41.47,4.147,399000
2016-07-14,41.99,42.0,41.15,41.41,4.141,334000
2016-07-15,41.5,42.0,41.15,41.8,4.18,345000
2016-07-18,42.5,42.72,41.55,41.72,4.172,306000
2016-07-19,42.23,43.54,42.0,43.32,4.332,908000
2016-07-20,42.77,43.88,42.77,43.2,4.32,646000
2016-07-21,43.24,43.57,42.11,42.85,4.285,287000
2016-07-22,43.24,44.0,42.58,43.18,4.318,447000
2016-07-25,43.41,43.69,43.0,43.13,4.313,253000
2016-07-26,43.35,43.35,42.09,42.93,4.293,354000
2016-07-27,42.99,44.27,42.99,43.8,4.38,323000
2016-07-28,43.82,45.52,43.82,45.14,4.514,616000
2016-07-29,45.2,45.37,43.95,44.75,4.475,531000
2016-08-02,44.74,45.02,42.94,43.93,4.393,693000
2016-08-03,46.0,48.54,44.0,48.01,4.801,2729000
2016-08-04,47.51,48.11,46.39,47.96,4.796,968000
2016-08-05,49.0,49.27,47.96,48.86,4.886,685000
2016-08-08,49.31,50.93,49.13,50.53,5.053,959000
2016-08-09,50.84,51.41,50.22,50.85,5.085,487000
2016-08-10,50.87,51.87,50.87,51.37,5.137,867000
2016-08-11,51.84,53.11,51.6,51.71,5.171,975000
2016-08-12,51.51,52.49,50.58,51.06,5.106,731000
2016-08-15,51.53,51.54,50.27,50.43,5.043,688000
2016-08-16,49.5,50.71,47.66,49.38,4.938,1427000
2016-08-17,50.18,50.86,49.64,49.8,4.98,1158000
2016-08-18,49.89,51.95,49.65,51.36,5.136,859000
2016-08-19,52.43,55.4,51.81,55.4,5.54,3368000
2016-08-22,55.26,55.26,53.6,55.04,5.504,990000
2016-08-23,55.01,56.3,53.87,53.96,5.396,997000
2016-08-24,54.29,55.11,52.65,52.9,5.29,818000
2016-08-25,52.9,53.14,52.1,52.61,5.261,1132000
2016-08-26,52.51,54.15,52.51,54.07,5.407,593000
2016-08-29,54.49,54.49,53.67,53.85,5.385,425000
2016-08-30,54.48,54.48,53.5,54.02,5.402,273000
2016-08-31,54.05,54.4,53.64,54.4,5.44,1785000
2016-09-01,54.45,54.45,52.31,53.35,5.335,955000
2016-09-02,53.4,56.92,53.35,55.04,5.504,994000
2016-09-06,55.54,55.95,54.74,55.58,5.558,576000
2016-09-07,56.0,56.0,54.64,55.22,5.522,699000
2016-09-08,55.24,56.0,54.72,55.86,5.586,479000
2016-09-09,55.74,55.78,53.11,53.55,5.355,834000
2016-09-12,52.99,55.3,52.22,54.37,5.437,782000
2016-09-13,54.39,54.54,52.62,53.53,5.353,651000
2016-09-14,53.99,54.86,53.56,54.0,5.4,843000
2016-09-15,54.54,55.305,53.88,54.95,5.495,750000
2016-09-16,55.49,55.49,53.95,54.68,5.468,980000
2016-09-19,55.21,59.03,55.06,56.88,5.688,1503000
2016-09-20,56.88,57.25,54.88,56.12,5.612,1045000
2016-09-21,56.62,58.52,56.4,58.29,5.829,1110000
2016-09-22,58.99,58.99,56.93,57.33,5.733,1202000
2016-09-23,58.02,58.02,56.5,57.18,5.718,671000
2016-09-26,57.02,57.37,56.52,56.98,5.698,487000
2016-09-27,57.28,58.04,57.11,58.01,5.801,698000
2016-09-28,56.58,57.04,54.0,56.09,5.609,2399000
2016-09-29,55.83,57.58,55.83,56.59,5.659,976000
2016-09-30,56.83,56.87,56.1,56.29,5.629,392000
2016-10-03,57.49,57.49,55.52,56.4,5.64,787000
2016-10-04,57.53,57.99,56.9,57.27,5.727,932000
2016-10-05,57.79,58.31,57.25,57.88,5.788,723000
2016-10-06,57.88,58.0,57.18,57.73,5.773,646000
2016-10-07,58.0,59.13,57.66,59.1,5.91,636000
2016-10-11,58.95,58.95,55.67,56.04,5.604,1519000
2016-10-12,56.11,56.66,55.33,56.25,5.625,936000
2016-10-13,55.56,55.82,53.31,55.59,5.559,1317000
2016-10-14,55.97,57.3,55.97,56.31,5.631,756000
2016-10-17,56.24,56.24,54.8,55.17,5.517,517000
2016-10-18,55.78,55.88,55.33,55.76,5.576,534000
2016-10-19,55.76,57.84,55.6,57.01,5.701,728000
2016-10-20,57.62,57.66,56.55,57.15,5.715,491000
2016-10-21,57.36,58.23,56.96,57.96,5.796,857000
2016-10-24,58.5,59.0,58.3,58.81,5.881,647000
2016-10-25,59.0,59.0,57.56,58.08,5.808,633000
2016-10-26,58.11,58.4,57.39,57.47,5.747,561000
2016-10-27,57.65,58.26,55.34,55.34,5.534,964000
2016-10-28,55.55,55.71,54.67,54.7,5.47,823000
2016-10-31,55.25,55.89,54.79,55.58,5.558,473000
2016-11-01,56.1,56.13,54.75,54.94,5.494,375000
2016-11-02,56.0,60.21,56.0,58.29,5.829,1976000
2016-11-03,57.99,57.99,51.78,54.04,5.404,2115000
2016-11-04,54.45,54.5,52.3,52.52,5.252,783000
2016-11-07,54.43,54.43,52.97,53.75,5.375,893000
2016-11-08,53.8,55.26,53.28,55.02,5.502,746000
2016-11-09,53.51,55.35,53.03,54.32,5.432,1071000
2016-11-10,55.02,56.0,53.28,54.02,5.402,941000
2016-11-11,54.07,54.07,52.76,53.73,5.373,761000
2016-11-14,54.22,54.22,51.17,51.36,5.136,933000
2016-11-15,50.84,54.29,50.84,53.65,5.365,1214000
2016-11-16,53.74,54.62,53.41,54.3,5.43,565000
2016-11-17,54.62,56.91,54.3,56.91,5.691,1081000
2016-11-18,57.48,59.78,57.0,59.55,5.955,1506000
2016-11-21,59.7,60.93,59.0,60.23,6.023,1060000
2016-11-22,60.6,60.6,57.2,57.81,5.781,1030000
2016-11-23,58.22,58.55,57.49,58.1,5.81,709000
2016-11-24,58.49,59.0,58.46,58.62,5.862,369000
2016-11-25,58.96,59.04,58.21,58.99,5.899,445000
2016-11-28,58.82,58.82,56.8,56.94,5.694,791000
2016-11-29,57.27,57.97,57.0,57.33,5.733,568000
2016-11-30,57.96,57.96,55.89,56.38,5.638,1238000
2016-12-01,56.0,56.27,52.8,52.86,5.286,2331000
2016-12-02,52.83,53.59,51.46,52.08,5.208,2073000
2016-12-05,53.02,54.56,52.51,54.02,5.402,1270000
2016-12-06,54.99,54.99,53.45,54.41,5.441,912000
2016-12-07,54.79,54.79,53.19,54.11,5.411,983000
2016-12-08,54.45,56.69,53.66,56.17,5.617,1212000
2016-12-09,56.87,57.55,55.11,55.8,5.58,903000
2016-12-12,56.32,56.32,55.05,55.38,5.538,745000
2016-12-13,55.37,55.94,55.02,55.46,5.546,464000
2016-12-14,55.54,55.63,54.44,55.6,5.56,1469000
2016-12-15,55.53,57.19,55.31,56.62,5.662,832000
2016-12-16,57.14,57.14,56.04,56.25,5.625,389000
2016-12-19,56.36,57.39,56.02,56.18,5.618,629000
2016-12-20,56.18,56.26,55.0,55.29,5.529,593000
2016-12-21,55.66,55.66,54.48,54.65,5.465,492000
2016-12-22,54.95,55.17,53.75,54.3,5.43,812000
2016-12-23,54.98,56.0,54.4,55.93,5.593,584000
2016-12-28,58.5,60.0,58.18,58.72,5.872,1442000
2016-12-29,59.45,59.45,57.44,58.18,5.818,671000
2016-12-30,58.47,58.47,57.25,57.7,5.77,311000
2017-01-03,58.22,58.4,56.6,57.65,5.765,836000
2017-01-04,57.96,59.02,57.15,58.86,5.886,847000
2017-01-05,58.8,63.43,58.5,63.16,6.316,2683000
2017-01-06,62.98,63.05,60.34,62.03,6.203,1985000
2017-01-09,62.12,62.86,61.75,62.54,6.254,792000
2017-01-10,62.44,64.74,62.28,63.34,6.334,1310000
2017-01-11,63.75,64.47,62.56,63.74,6.374,1442000
2017-01-12,64.0,64.0,62.56,63.83,6.383,797000
2017-01-13,63.9,64.88,63.02,63.14,6.314,1149000
2017-01-16,63.82,64.0,63.3,64.0,6.4,304000
2017-01-17,64.37,64.97,63.0,64.61,6.461,1445000
2017-01-18,64.99,66.31,64.22,66.17,6.617,1557000
2017-01-19,66.69,68.21,66.28,67.47,6.747,1755000
2017-01-20,67.96,68.58,66.5,66.71,6.671,1677000
2017-01-23,67.0,67.13,65.38,65.53,6.553,1591000
2017-01-24,66.22,66.22,64.5,65.23,6.523,1593000
2017-01-25,65.89,67.94,65.68,67.04,6.704,1149000
2017-01-26,68.0,68.0,66.31,66.8,6.68,1072000
2017-01-27,66.86,67.8,66.86,67.7,6.77,1077000
2017-01-30,67.97,67.97,65.47,66.4,6.64,1434000
2017-01-31,65.98,66.13,65.31,66.04,6.604,663000
2017-02-01,67.23,67.5,66.2,66.7,6.67,656000
2017-02-02,66.54,68.5,66.5,68.22,6.822,1520000
2017-02-03,68.5,68.5,66.86,67.89,6.789,995000
2017-02-06,68.3,69.0,67.27,68.93,6.893,742000
2017-02-07,69.46,70.6,69.33,69.89,6.989,1366000
2017-02-08,70.57,70.57,69.42,70.24,7.024,1188000
2017-02-09,70.64,72.25,70.45,71.69,7.169,1388000
2017-02-10,72.41,73.5,71.84,72.24,7.224,1764000
2017-02-13,73.3,74.9,72.37,73.22,7.322,2041000
2017-02-14,73.59,73.59,72.28,73.24,7.324,1676000
2017-02-15,72.91,80.41,71.23,79.22,7.922,5877000
2017-02-16,80.0,81.4,77.78,79.71,7.971,2921000
2017-02-17,80.0,80.79,78.68,80.66,8.066,1665000
2017-02-21,82.0,84.05,81.44,82.89,8.289,2544000
2017-02-22,83.1,84.09,81.41,83.81,8.381,2158000
2017-02-23,84.29,84.29,81.09,82.25,8.225,2241000
2017-02-24,81.0,81.39,79.48,81.17,8.117,2647000
2017-02-27,81.0,81.12,78.43,78.84,7.884,2342000
2017-02-28,78.49,80.66,78.47,78.87,7.887,2142000
2017-03-01,79.99,80.12,78.8,79.55,7.955,1747000
2017-03-02,80.01,81.15,79.5,80.08,8.008,1434000
2017-03-03,80.23,80.99,79.29,80.65,8.065,1272000
2017-03-06,80.63,80.63,78.62,79.55,7.955,1002000
2017-03-07,79.54,81.33,79.42,80.76,8.076,1240000
2017-03-08,81.35,82.81,80.83,82.17,8.217,1771000
2017-03-09,82.5,84.47,81.96,84.2,8.42,1584000
2017-03-10,85.38,86.5,84.2,86.35,8.635,2026000
2017-03-13,87.0,87.69,86.01,87.36,8.736,1727000
2017-03-14,87.28,87.32,85.6,86.05,8.605,2105000
2017-03-15,86.22,86.56,84.86,86.39,8.639,2104000
2017-03-16,86.77,86.99,85.98,86.99,8.699,1014000
2017-03-17,87.46,89.82,86.92,89.14,8.914,1672000
2017-03-20,89.98,92.0,89.55,92.0,9.2,1898000
2017-03-21,92.58,95.0,89.08,90.0,9.0,4645000
2017-03-22,89.58,90.34,86.73,88.91,8.891,2291000
2017-03-23,89.35,91.06,89.04,90.3,9.03,2025000
2017-03-24,91.06,93.68,90.62,92.3,9.23,1718000
2017-03-27,91.24,94.53,90.1,94.46,9.446,2402000
2017-03-28,94.62,97.5,94.46,96.74,9.674,3035000
2017-03-29,97.68,97.68,94.8,97.0,9.7,2220000
2017-03-30,96.71,96.87,91.35,92.32,9.232,4576000
2017-03-31,90.41,92.32,89.23,90.71,9.071,3525000
2017-04-03,90.92,92.79,90.0,92.79,9.279,1955000
2017-04-04,93.01,94.0,91.48,91.85,9.185,2012000
2017-04-05,92.22,93.3,90.93,91.4,9.14,1800000
2017-04-06,91.49,92.42,91.07,91.8,9.18,1256000
2017-04-07,91.6,92.37,91.38,92.34,9.234,829000
2017-04-10,92.25,93.5,91.8,92.29,9.229,1270000
2017-04-11,92.09,92.98,90.05,91.91,9.191,1695000
2017-04-12,92.31,93.04,91.72,91.88,9.188,1326000
2017-04-13,91.99,95.32,91.45,94.25,9.425,2420000
2017-04-17,95.09,95.95,94.1,95.5,9.55,1409000
2017-04-18,95.69,96.49,94.73,95.81,9.581,1487000
2017-04-19,96.3,98.92,96.29,97.79,9.779,2820000
2017-04-20,99.14,102.75,98.86,102.71,10.271,3470000
2017-04-21,105.25,105.25,101.35,103.17,10.317,2857000
2017-04-24,105.0,105.24,101.63,102.56,10.256,2430000
2017-04-25,103.68,104.15,101.34,103.9,10.39,2254000
2017-04-26,101.97,102.0,98.42,101.05,10.105,4517000
2017-04-27,99.71,101.41,96.73,99.76,9.976,2814000
2017-04-28,100.24,103.84,99.98,103.72,10.372,2463000
2017-05-01,103.43,106.34,102.22,106.07,10.607,3786000
2017-05-02,110.87,115.64,106.5,113.94,11.394,8017000
2017-05-03,112.3,114.61,110.67,112.19,11.219,3885000
2017-05-04,113.48,113.59,111.33,111.82,11.182,3224000
2017-05-05,112.45,117.57,112.45,116.83,11.683,3018000
2017-05-08,118.62,119.2,117.5,118.81,11.881,2836000
2017-05-09,119.99,125.13,119.22,122.63,12.263,3308000
2017-05-10,122.74,127.72,122.65,127.15,12.715,3980000
2017-05-11,128.7,128.7,121.99,125.81,12.581,4281000
2017-05-12,125.72,130.27,124.73,128.14,12.814,2922000
2017-05-15,128.89,130.85,127.54,128.97,12.897,3223000
2017-05-16,129.28,130.42,126.1,128.9,12.89,5378000
2017-05-17,126.54,127.0,122.0,122.55,12.255,5607000
2017-05-18,114.37,126.67,110.14,125.32,12.532,9063000
2017-05-19,123.83,124.83,118.49,120.33,12.033,6878000
2017-05-23,122.78,122.87,121.05,122.12,12.212,4673000
2017-05-24,122.31,123.28,121.26,122.3,12.23,2287000
2017-05-25,122.7,123.39,120.25,121.67,12.167,2964000
2017-05-26,121.73,122.53,121.07,122.29,12.229,2843000
2017-05-29,122.94,124.65,122.74,124.2,12.42,1668000
2017-05-30,123.18,125.75,120.82,121.91,12.191,5009000
2017-05-31,122.59,124.72,120.22,124.72,12.472,47008000
2017-06-01,124.79,126.62,122.16,126.12,12.612,6497000
2017-06-02,126.94,132.07,126.34,131.9,13.19,6749000
2017-06-05,132.95,134.0,129.59,131.77,13.177,4167000
2017-06-06,130.54,134.2,129.73,132.87,13.287,3894000
2017-06-07,133.49,133.88,130.45,131.21,13.121,3766000
2017-06-08,131.93,133.54,129.03,133.54,13.354,3346000
2017-06-09,133.35,135.42,120.55,122.8,12.28,9326000
2017-06-12,121.0,121.46,111.0,118.57,11.857,10083000
2017-06-13,115.62,119.81,111.76,114.95,11.495,8278000
2017-06-14,114.95,116.33,112.04,113.02,11.302,5115000
2017-06-15,108.83,113.57,108.18,113.57,11.357,7596000
2017-06-16,115.3,116.88,113.44,114.92,11.492,38986000
2017-06-19,117.12,120.04,116.07,119.9,11.99,5882000
2017-06-20,120.99,121.85,117.61,118.05,11.805,4065000
2017-06-21,118.99,122.25,118.66,121.75,12.175,5962000
2017-06-22,121.16,122.0,119.4,121.15,12.115,2623000
2017-06-23,121.32,126.26,120.7,125.36,12.536,3254000
2017-06-26,126.0,128.12,119.6,122.22,12.222,5041000
2017-06-27,120.64,121.47,114.22,114.37,11.437,5211000
2017-06-28,114.95,116.71,111.99,116.63,11.663,3985000
2017-06-29,116.01,116.01,108.34,112.58,11.258,4714000
2017-06-30,111.5,114.29,110.99,112.6,11.26,4320000
2017-07-04,112.97,113.28,109.39,110.01,11.001,1183000
2017-07-05,110.99,116.2,110.99,114.76,11.476,4198000
2017-07-06,112.49,113.64,111.23,111.81,11.181,2453000
2017-07-07,112.17,114.9,112.13,114.75,11.475,2086000
2017-07-10,114.99,117.89,113.89,117.46,11.746,3127000
2017-07-11,117.46,119.55,116.47,118.14,11.814,2247000
2017-07-12,119.84,121.14,119.0,120.61,12.061,2656000
2017-07-13,122.36,123.5,117.78,118.52,11.852,2967000
2017-07-14,119.55,119.55,116.47,116.8,11.68,1673000
2017-07-17,116.51,117.99,113.65,115.03,11.503,2032000
2017-07-18,114.28,118.6,113.6,117.58,11.758,1929000
2017-07-19,117.85,118.92,114.96,115.97,11.597,1993000
2017-07-20,116.79,116.95,113.58,114.28,11.428,2315000
2017-07-21,113.31,114.47,111.99,112.11,11.211,2106000
2017-07-24,112.0,117.04,111.97,116.91,11.691,2644000
2017-07-25,117.05,117.17,113.58,115.11,11.511,2971000
2017-07-26,116.24,118.88,116.2,117.0,11.7,2767000
2017-07-27,117.83,119.23,111.11,113.81,11.381,6433000
2017-07-28,111.73,116.17,110.05,115.66,11.566,3299000
2017-07-31,116.99,117.95,114.18,114.89,11.489,4800000
2017-08-01,128.36,132.0,123.25,130.61,13.061,11535000
2017-08-02,131.0,131.49,122.23,123.72,12.372,8110000
2017-08-03,125.77,125.77,121.46,122.28,12.228,4096000
2017-08-04,122.52,124.24,121.5,121.81,12.181,2738000
2017-08-08,124.38,125.3,121.55,122.23,12.223,3579000
2017-08-09,120.8,122.6,119.85,120.97,12.097,3745000
2017-08-10,119.61,119.75,112.25,112.57,11.257,7134000
2017-08-11,112.01,117.9,112.01,116.39,11.639,4252000
2017-08-14,118.91,121.16,118.66,119.59,11.959,3519000
2017-08-15,120.46,120.53,118.22,118.69,11.869,2624000
2017-08-16,119.29,120.43,118.28,119.43,11.943,2772000
2017-08-17,119.48,121.07,118.49,118.55,11.855,5957000
2017-08-18,118.05,119.6,117.17,119.12,11.912,2681000
2017-08-21,119.12,121.26,119.12,121.15,12.115,3906000
2017-08-22,121.69,124.25,121.1,123.88,12.388,3152000
2017-08-23,123.12,128.98,122.68,128.59,12.859,4925000
2017-08-24,128.95,133.95,128.72,133.5,13.35,6838000
2017-08-25,134.0,134.0,128.18,129.45,12.945,4129000
2017-08-28,129.28,130.88,126.66,129.75,12.975,2813000
2017-08-29,127.3,131.5,126.78,130.69,13.069,3394000
2017-08-30,131.81,137.27,131.72,136.82,13.682,4995000
2017-08-31,137.41,139.41,135.85,138.0,13.8,6506000
2017-09-01,138.75,138.75,136.13,137.3,13.73,2873000
2017-09-05,136.77,138.48,133.74,137.1,13.71,3870000
2017-09-06,137.98,138.9,133.0,134.57,13.457,4287000
2017-09-07,134.01,137.71,133.95,137.5,13.75,3007000
2017-09-08,137.53,139.35,136.41,138.03,13.803,2846000
2017-09-11,140.0,143.69,139.57,143.01,14.301,3947000
2017-09-12,144.64,147.22,142.14,146.69,14.669,4683000
2017-09-13,146.91,149.4,143.83,145.25,14.525,4754000
2017-09-14,145.01,147.5,142.4,146.43,14.643,3010000
2017-09-15,146.24,147.71,145.43,146.21,14.621,3454000
2017-09-18,147.23,151.75,147.23,150.6,15.06,3359000
2017-09-19,151.85,151.88,150.01,150.75,15.075,2954000
2017-09-20,150.95,151.36,145.5,146.97,14.697,4342000
2017-09-21,146.94,148.9,143.57,148.18,14.818,3475000
2017-09-22,147.99,149.49,145.96,148.45,14.845,2611000
2017-09-25,147.6,147.75,140.22,141.64,14.164,5000000
2017-09-26,143.14,145.5,138.57,140.06,14.006,4136000
2017-09-27,141.86,147.86,141.23,146.48,14.648,5067000
2017-09-28,146.42,146.93,143.4,144.87,14.487,2970000
2017-09-29,145.69,146.95,144.0,145.12,14.512,3477000
2017-10-02,146.12,149.66,146.1,148.83,14.883,2625000
2017-10-03,149.95,150.9,145.31,145.7,14.57,4031000
2017-10-04,145.82,145.88,125.8,128.95,12.895,24982000
2017-10-05,121.64,129.66,117.0,126.19,12.619,19476000
2017-10-06,123.05,125.96,119.98,122.92,12.292,11834000
2017-10-10,121.33,123.67,111.68,115.76,11.576,19890000
2017-10-11,114.65,120.82,114.65,118.4,11.84,13545000
2017-10-12,120.1,121.5,117.31,117.48,11.748,5598000
2017-10-13,117.27,118.78,116.98,117.76,11.776,3137000
2017-10-16,118.25,121.76,117.01,121.37,12.137,4216000
2017-10-17,121.89,122.32,119.78,120.57,12.057,3388000
2017-10-18,120.66,124.34,120.06,123.3,12.33,3489000
2017-10-19,122.53,122.95,120.2,122.71,12.271,4326000
2017-10-20,124.7,129.31,124.07,129.03,12.903,4519000
2017-10-23,130.5,131.69,128.2,130.15,13.015,4904000
2017-10-24,130.16,136.36,130.16,135.13,13.513,5920000
2017-10-25,136.14,137.51,129.02,131.99,13.199,8466000
2017-10-26,132.44,135.31,131.69,133.88,13.388,4460000
2017-10-27,137.91,139.03,135.82,137.59,13.759,6542000
2017-10-30,139.65,140.28,135.02,140.22,14.022,6029000
2017-10-31,131.33,135.0,121.89,128.26,12.826,13328000
2017-11-01,128.78,129.66,122.35,123.68,12.368,8316000
2017-11-02,122.5,129.07,122.25,128.05,12.805,5843000
2017-11-03,128.61,129.73,125.79,126.06,12.606,3449000
2017-11-06,127.6,128.75,126.1,126.98,12.698,2317000
2017-11-07,127.5,128.53,125.8,127.48,12.748,2417000
2017-11-08,126.59,127.3,125.6,126.52,12.652,2617000
2017-11-09,124.88,125.15,121.27,123.09,12.309,4565000
2017-11-10,122.58,127.84,122.45,126.97,12.697,4754000
2017-11-13,125.46,126.16,124.47,125.68,12.568,2289000
2017-11-14,123.75,127.31,123.75,125.97,12.597,2774000
2017-11-15,124.27,127.06,124.27,125.01,12.501,2465000
2017-11-16,126.05,133.55,125.92,132.51,13.251,6048000
2017-11-17,132.62,135.25,132.43,133.82,13.382,3311000
2017-11-20,134.41,139.48,134.0,139.0,13.9,3898000
2017-11-21,140.65,143.36,140.06,140.85,14.085,4685000
2017-11-22,140.85,142.15,137.11,140.3,14.03,2655000
2017-11-23,140.31,141.88,140.31,141.14,14.114,740000
2017-11-24,141.51,143.01,140.94,142.2,14.22,1847000
2017-11-27,145.37,148.97,144.05,144.69,14.469,4445000
2017-11-28,146.11,146.11,141.6,143.49,14.349,3498000
2017-11-29,143.02,143.44,129.61,133.4,13.34,8149000
2017-11-30,136.01,136.04,133.11,135.16,13.516,5630000
2017-12-01,133.17,133.5,127.25,130.84,13.084,4481000
2017-12-04,133.74,133.74,122.44,122.64,12.264,6593000
2017-12-05,121.26,124.93,117.11,120.95,12.095,4944000
2017-12-06,120.0,122.65,119.75,122.37,12.237,5520000
2017-12-07,123.62,128.44,123.47,128.28,12.828,4053000
2017-12-08,131.09,132.24,128.63,129.5,12.95,3824000
2017-12-11,130.04,135.02,130.04,133.8,13.38,3935000
2017-12-12,133.31,133.7,129.49,130.48,13.048,3215000
2017-12-13,131.33,133.8,130.91,132.39,13.239,2391000
2017-12-14,132.77,134.38,131.0,131.59,13.159,1783000
2017-12-15,132.29,136.85,131.69,135.2,13.52,5344000
2017-12-18,137.0,138.96,136.93,138.33,13.833,2807000
2017-12-19,138.25,138.58,136.0,136.0,13.6,2272000
2017-12-20,136.7,137.18,133.2,134.99,13.499,2039000
2017-12-21,135.39,135.71,133.16,133.47,13.347,1686000
2017-12-22,133.3,133.3,130.63,131.99,13.199,1423000
2017-12-27,132.35,132.94,130.63,132.2,13.22,1560000
2017-12-28,132.6,132.6,127.75,128.62,12.862,2134000
2017-12-29,128.59,128.72,126.06,127.11,12.711,2282000
2018-01-02,127.32,132.23,126.65,132.06,13.206,2510000
2018-01-03,133.27,135.57,133.12,135.15,13.515,4002000
2018-01-04,135.96,137.74,134.3,137.46,13.746,4098000
2018-01-05,137.47,138.64,135.0,137.26,13.726,3086000
2018-01-08,137.13,139.93,136.78,139.51,13.951,1825000
2018-01-09,139.9,141.56,136.76,137.94,13.794,1979000
2018-01-10,136.99,139.53,136.27,139.29,13.929,2097000
2018-01-11,139.26,139.97,138.5,139.14,13.914,1413000
2018-01-12,139.25,143.1,138.97,140.76,14.076,2560000
2018-01-15,140.01,143.1,140.01,142.8,14.28,1505000
2018-01-16,142.88,142.88,138.39,139.13,13.913,4163000
2018-01-17,139.1,143.62,138.15,142.72,14.272,3415000
2018-01-18,142.01,145.38,142.01,142.55,14.255,2922000
2018-01-19,143.03,144.47,142.5,144.47,14.447,2204000
2018-01-22,143.51,149.1,143.51,148.87,14.887,2206000
2018-01-23,149.64,149.67,144.79,147.31,14.731,2278000
2018-01-24,147.9,150.48,146.15,147.52,14.752,2481000
2018-01-25,148.46,155.6,148.17,154.3,15.43,4093000
2018-01-26,156.0,160.69,153.17,159.07,15.907,3469000
2018-01-29,159.99,160.31,154.62,156.87,15.687,2832000
2018-01-30,150.5,155.03,147.01,153.01,15.301,4882000
2018-01-31,154.74,158.08,154.21,157.04,15.704,3423000
2018-02-01,155.98,160.97,154.28,154.9,15.49,3111000
2018-02-02,154.65,159.28,152.75,155.45,15.545,5751000
2018-02-05,150.33,158.75,148.52,149.12,14.912,6543000
2018-02-06,143.79,153.57,140.7,152.66,15.266,8686000
2018-02-07,154.22,160.3,152.25,154.94,15.494,4621000
2018-02-08,155.4,159.78,149.43,149.5,14.95,5709000
2018-02-09,151.26,156.13,144.09,150.38,15.038,9012000
2018-02-12,155.27,162.39,154.0,161.05,16.105,6872000
2018-02-13,161.25,164.41,157.75,158.72,15.872,5151000
2018-02-14,158.0,173.16,157.98,171.49,17.149,8146000
2018-02-15,168.51,175.99,163.12,171.91,17.191,8950000
2018-02-16,170.66,174.0,168.5,172.6,17.26,5753000
2018-02-20,172.49,184.35,172.45,180.68,18.068,6014000
2018-02-21,173.59,173.98,168.59,168.64,16.864,8660000
2018-02-22,170.23,173.7,169.34,170.52,17.052,5243000
2018-02-23,172.48,173.45,168.98,173.28,17.328,3382000
2018-02-26,174.99,175.57,171.44,172.55,17.255,3514000
2018-02-27,173.15,177.77,172.61,176.11,17.611,4104000
2018-02-28,177.51,179.7,177.14,177.5,17.75,6411000
2018-03-01,176.69,178.22,171.36,175.62,17.562,4983000
2018-03-02,173.57,177.23,173.16,176.42,17.642,4907000
2018-03-05,175.8,181.62,174.07,180.8,18.08,3792000
2018-03-06,181.31,184.92,180.5,182.52,18.252,3121000
2018-03-07,180.26,186.63,179.7,185.0,18.5,4221000
2018-03-08,186.87,191.28,186.74,189.86,18.986,4373000
2018-03-09,192.78,192.855,189.6,191.43,19.143,3468000
2018-03-12,192.5,192.9,189.15,190.1,19.01,2455000
2018-03-13,190.55,191.85,187.345,188.6,18.86,2974000
2018-03-14,188.93,191.99,186.11,189.29,18.929,2434000
2018-03-15,191.33,194.34,190.66,192.86,19.286,2967000
2018-03-16,192.86,193.61,190.47,192.53,19.253,3335000
2018-03-19,191.43,193.89,187.25,190.36,19.036,3434000
2018-03-20,190.25,202.45,189.75,200.28,20.028,6281000
2018-03-21,199.52,199.68,192.1,193.0,19.3,4578000
2018-03-22,190.0,197.1,187.91,188.0,18.8,3908000
2018-03-23,187.98,189.57,181.94,182.65,18.265,3572000
2018-03-26,187.01,190.75,168.62,176.01,17.601,5394000
2018-03-27,174.93,179.03,164.1,165.65,16.565,4499000
2018-03-28,162.91,164.74,156.0,157.0,15.7,5245000
2018-03-29,156.0,162.64,153.04,160.32,16.032,5334000
2018-04-02,161.42,164.31,155.62,157.66,15.766,2952000
2018-04-03,158.66,161.01,150.95,152.72,15.272,2865000
2018-04-04,145.99,154.88,145.15,154.05,15.405,3019000
2018-04-05,157.8,160.75,152.73,153.46,15.346,3419000
2018-04-06,151.94,153.65,148.29,149.81,14.981,1691000
2018-04-09,151.06,157.09,151.0,151.18,15.118,3224000
2018-04-10,154.99,155.63,150.11,154.65,15.465,3191000
2018-04-11,154.32,156.04,150.05,150.05,15.005,2194000
2018-04-12,151.91,152.99,150.25,151.98,15.198,1628000
2018-04-13,153.04,153.56,146.85,148.0,14.8,2427000
2018-04-16,148.27,148.27,143.01,146.78,14.678,1934000
2018-04-17,147.84,159.75,147.84,158.04,15.804,3739000
2018-04-18,159.76,162.05,155.29,161.12,16.112,2675000
2018-04-19,159.47,163.33,158.34,160.27,16.027,1658000
2018-04-20,161.02,162.39,159.64,161.86,16.186,2130000
2018-04-23,162.74,162.91,155.5,157.95,15.795,2658000
2018-04-24,159.33,162.55,156.0,157.93,15.793,2813000
2018-04-25,158.21,158.58,152.72,154.04,15.404,2356000
2018-04-26,156.12,161.5,156.12,160.11,16.011,2221000
2018-04-27,163.0,163.5,159.88,160.83,16.083,1965000
2018-04-30,162.53,172.47,162.53,172.01,17.201,3795000
2018-05-01,160.99,164.54,153.25,163.5,16.35,6978000
2018-05-02,162.02,167.15,157.48,160.99,16.099,4454000
2018-05-03,158.79,174.04,158.79,173.49,17.349,4060000
2018-05-04,173.5,177.475,171.0,174.95,17.495,2227000
2018-05-07,176.81,178.86,175.56,178.55,17.855,2715000
2018-05-08,180.0,189.03,179.47,185.51,18.551,3697000
2018-05-09,186.97,188.32,184.54,187.6,18.76,2905000
2018-05-10,187.57,188.19,185.78,186.4,18.64,1945000
2018-05-11,186.4,187.32,182.5,184.53,18.453,2059000
2018-05-14,185.1,189.49,182.085,182.3,18.23,2425000
2018-05-15,182.0,183.64,178.2,183.5,18.35,1620000
2018-05-16,182.12,185.05,181.79,181.87,18.187,1631000
2018-05-17,182.0,187.74,181.46,186.82,18.682,2234000
2018-05-18,186.5,190.25,186.5,189.25,18.925,1703000
2018-05-22,179.28,182.39,175.54,177.66,17.766,5282000
2018-05-23,177.0,181.8,177.0,180.55,18.055,2228000
2018-05-24,180.55,185.22,180.55,184.19,18.419,1964000
2018-05-25,185.02,187.65,184.85,186.0,18.6,1591000
2018-05-28,185.61,188.44,185.05,187.9,18.79,664000
2018-05-29,186.26,189.11,184.73,186.51,18.651,1699000
2018-05-30,187.37,189.52,186.83,188.01,18.801,1785000
2018-05-31,187.51,194.33,187.51,192.33,19.233,3553000
2018-06-01,193.79,196.7,191.55,195.41,19.541,2383000
2018-06-04,196.05,204.07,196.05,202.62,20.262,2695000
2018-06-05,203.67,211.37,203.67,209.06,20.906,2338000
2018-06-06,209.42,214.5,206.72,214.44,21.444,2474000
2018-06-07,214.43,214.8,206.14,209.2,20.92,2814000
2018-06-08,207.86,212.65,206.0,210.68,21.068,1827000
2018-06-11,211.51,214.25,207.81,208.15,20.815,1525000
2018-06-12,208.29,215.9,208.27,215.04,21.504,2427000
2018-06-13,215.0,221.84,213.08,214.58,21.458,2561000
2018-06-14,215.34,220.6,215.34,220.21,22.021,2025000
2018-06-15,219.5,223.29,216.82,221.99,22.199,2281000
2018-06-18,220.11,228.25,219.96,228.14,22.814,1850000
2018-06-19,225.85,228.97,222.22,226.42,22.642,2493000
2018-06-20,228.52,232.65,228.52,229.34,22.934,1915000
2018-06-21,230.41,231.5,218.49,218.6,21.86,3674000
2018-06-22,221.95,221.95,213.36,216.17,21.617,2881000
2018-06-25,213.49,213.49,201.0,203.6,20.36,3907000
2018-06-26,205.07,211.16,205.07,205.88,20.588,3627000
2018-06-27,207.84,207.84,192.02,193.61,19.361,4716000
2018-06-28,190.0,196.17,186.31,194.53,19.453,3074000
2018-06-29,196.97,197.75,191.1,191.71,19.171,2354000
2018-07-03,196.21,200.0,193.5,197.85,19.785,2116000
2018-07-04,198.21,206.0,198.02,202.32,20.232,1454000
2018-07-05,201.64,201.82,196.89,200.37,20.037,1706000
2018-07-06,200.26,206.09,199.66,205.61,20.561,1685000
2018-07-09,207.48,209.31,201.67,207.93,20.793,1965000
2018-07-10,208.69,210.25,207.16,208.75,20.875,1437000
2018-07-11,207.04,213.73,205.32,212.48,21.248,1716000
2018-07-12,214.09,221.45,213.49,220.46,22.046,1966000
2018-07-13,221.0,221.88,215.99,218.89,21.889,1801000
2018-07-16,218.94,222.34,216.57,217.43,21.743,1217000
2018-07-17,214.99,224.89,212.07,222.82,22.282,2056000
2018-07-18,223.39,225.88,221.07,224.14,22.414,1788000
2018-07-19,224.01,228.25,222.81,227.46,22.746,1880000
2018-07-20,226.98,229.89,224.8,225.03,22.503,1639000
2018-07-23,225.64,229.33,222.9,228.04,22.804,1768000
2018-07-24,229.85,232.43,219.35,221.14,22.114,2192000
2018-07-25,219.16,227.5,216.89,226.55,22.655,1528000
2018-07-26,221.56,224.59,220.14,222.85,22.285,1979000
2018-07-27,224.7,224.93,208.2,209.47,20.947,2441000
2018-07-30,209.0,209.37,191.72,191.86,19.186,3514000
2018-07-31,182.0,187.0,174.13,181.22,18.122,6125000
2018-08-01,181.5,182.5,175.25,177.02,17.702,3665000
2018-08-02,175.0,187.57,172.9,187.45,18.745,3890000
2018-08-03,189.5,189.5,182.75,184.1,18.41,2083000
2018-08-07,185.5,190.13,184.01,184.93,18.493,2687000
2018-08-08,186.78,187.55,184.0,185.75,18.575,2006000
2018-08-09,185.05,192.14,185.05,191.0,19.1,2489000
2018-08-10,190.15,198.5,189.0,195.81,19.581,2185000
2018-08-13,196.35,198.27,187.07,187.58,18.758,2495000
2018-08-14,188.83,191.2,185.25,188.64,18.864,1547000
2018-08-15,186.07,189.57,180.23,182.35,18.235,2410000
2018-08-16,184.34,186.9,182.77,183.27,18.327,1963000
2018-08-17,182.52,183.42,177.76,179.09,17.909,2374000
2018-08-20,180.0,180.22,173.98,177.19,17.719,2375000
2018-08-21,176.8,179.71,173.8,173.93,17.393,2414000
2018-08-22,173.0,180.01,172.95,178.57,17.857,2529000
2018-08-23,179.4,183.91,179.21,179.8,17.98,2237000
2018-08-24,181.21,184.39,180.3,182.98,18.298,1371000
2018-08-27,184.36,187.5,181.5,186.4,18.64,1863000
2018-08-28,187.47,188.37,184.49,187.43,18.743,1319000
2018-08-29,188.23,189.4,186.28,187.27,18.727,1614000
2018-08-30,187.02,190.02,186.5,188.02,18.802,1582000
2018-08-31,187.81,190.8,187.35,189.86,18.986,2457000
2018-09-04,191.71,193.5,189.4,192.57,19.257,1585000
2018-09-05,188.88,190.2,180.01,184.39,18.439,3653000
2018-09-06,183.68,185.43,174.8,176.08,17.608,3216000
2018-09-07,173.85,185.8,172.1,185.35,18.535,2703000
2018-09-10,186.31,187.6,183.13,187.09,18.709,2348000
2018-09-11,186.05,194.26,184.9,193.5,19.35,2023000
2018-09-12,193.36,199.51,190.52,198.83,19.883,2569000
2018-09-13,200.0,206.0,200.0,202.22,20.222,2079000
2018-09-14,204.0,207.0,200.41,201.75,20.175,2071000
2018-09-17,205.03,207.34,200.01,200.19,20.019,1738000
2018-09-18,201.06,213.0,200.27,210.33,21.033,3237000
2018-09-19,211.6,215.47,209.5,213.33,21.333,2896000
2018-09-20,214.07,217.77,212.45,215.68,21.568,2212000
2018-09-21,215.63,217.09,207.53,208.84,20.884,2668000
2018-09-24,207.88,213.4,203.26,209.64,20.964,2242000
2018-09-25,210.38,213.56,205.95,208.45,20.845,3235000
2018-09-26,209.66,213.5,207.49,210.7,21.07,3266000
2018-09-27,211.69,214.7,211.69,214.06,21.406,1571000
2018-09-28,213.91,217.69,210.87,212.3,21.23,2317000
2018-10-01,213.97,213.97,208.22,209.04,20.904,1727000
2018-10-02,208.99,210.35,200.0,200.29,20.029,2301000
2018-10-03,201.99,208.05,201.98,205.98,20.598,1997000
2018-10-04,205.91,206.32,191.14,192.35,19.235,3908000
2018-10-05,192.38,195.64,182.73,189.04,18.904,4726000
2018-10-09,182.74,186.1,180.58,181.58,18.158,3519000
2018-10-10,181.15,181.7,166.63,169.99,16.999,6625000
2018-10-11,166.01,174.52,166.0,166.72,16.672,5613000
2018-10-12,174.9,178.0,169.94,176.2,17.62,3638000
2018-10-15,177.01,177.7,171.68,176.16,17.616,2624000
2018-10-16,179.29,189.01,179.29,188.91,18.891,4034000
2018-10-17,189.22,190.0,174.14,178.89,17.889,5204000
2018-10-18,178.97,182.585,174.8,176.07,17.607,3751000
2018-10-19,177.49,179.9,165.5,166.07,16.607,5052000
2018-10-22,169.76,177.5,165.0,176.12,17.612,3860000
2018-10-23,168.25,174.18,166.58,173.01,17.301,3671000
2018-10-24,173.91,176.31,159.25,159.47,15.947,3878000
2018-10-25,173.29,180.99,167.0,178.82,17.882,6362000
2018-10-26,170.5,180.99,168.91,174.5,17.45,5147000
2018-10-29,180.13,180.13,164.47,168.62,16.862,3399000
2018-10-30,165.41,173.61,161.45,169.63,16.963,3118000
2018-10-31,173.51,182.42,171.78,181.87,18.187,5004000
2018-11-01,181.78,190.0,177.58,189.01,18.901,4012000
2018-11-02,189.88,195.0,186.68,190.95,19.095,4320000
2018-11-05,188.0,189.1,183.12,185.01,18.501,3213000
2018-11-06,185.38,188.73,182.63,185.15,18.515,2456000
2018-11-07,188.38,195.91,186.63,193.87,19.387,4599000
2018-11-08,193.51,197.6,192.62,197.02,19.702,2826000
2018-11-09,194.0,194.0,183.19,186.23,18.623,3507000
2018-11-12,184.77,184.77,173.15,179.57,17.957,3999000
2018-11-13,181.2,185.57,177.7,183.93,18.393,3946000
2018-11-14,185.99,191.18,185.0,189.0,18.9,2967000
2018-11-15,188.16,199.05,187.85,197.87,19.787,4408000
2018-11-16,191.99,199.0,190.205,198.8,19.88,3298000
2018-11-19,198.45,199.25,176.02,176.33,17.633,5141000
2018-11-20,164.8,180.42,162.0,179.34,17.934,5917000
2018-11-21,185.0,185.99,175.34,175.69,17.569,4339000
2018-11-22,175.99,178.1,175.41,176.38,17.638,606000
2018-11-23,174.5,180.11,172.17,178.25,17.825,1436000
2018-11-26,182.25,191.58,181.3,191.45,19.145,3302000
2018-11-27,188.88,194.72,187.61,192.03,19.203,2821000
2018-11-28,194.67,199.1,193.68,199.0,19.9,3214000
2018-11-29,198.7,201.06,194.3,197.86,19.786,2915000
2018-11-30,199.02,203.15,197.07,202.24,20.224,3659000
2018-12-03,207.49,209.6,203.36,207.35,20.735,3884000
2018-12-04,205.87,210.05,197.91,199.12,19.912,3219000
2018-12-05,200.99,203.0,196.5,199.7,19.97,943000
2018-12-06,191.71,210.0,190.8,209.65,20.965,4379000
2018-12-07,208.7,212.25,193.18,195.13,19.513,4253000
2018-12-10,195.28,203.23,192.96,203.23,20.323,3546000
2018-12-11,207.34,212.76,205.21,207.3,20.73,3642000
2018-12-12,211.01,218.25,210.56,213.78,21.378,4458000
2018-12-13,215.94,219.3,213.16,215.12,21.512,3224000
2018-12-14,198.68,199.59,187.24,187.66,18.766,9389000
2018-12-17,187.24,187.24,172.52,173.8,17.38,6439000
2018-12-18,180.0,183.13,176.58,181.01,18.101,4690000
2018-12-19,182.02,188.8,177.86,179.44,17.944,4516000
2018-12-20,177.0,181.99,164.27,172.09,17.209,8456000
2018-12-21,173.22,173.96,165.59,166.39,16.639,5886000
2018-12-24,162.6,166.85,160.02,161.56,16.156,3813000
2018-12-27,171.03,180.5,171.0,180.26,18.026,4401000
2018-12-28,183.77,185.45,176.58,182.02,18.202,3511000
2018-12-31,185.0,191.65,184.1,188.79,18.879,3013000
2019-01-02,182.02,188.99,179.14,187.11,18.711,3016000
2019-01-03,184.84,184.84,174.59,174.91,17.491,3157000
2019-01-04,180.0,186.75,179.15,184.98,18.498,2684000
2019-01-07,186.86,193.9,185.2,191.91,19.191,2804000
2019-01-08,195.0,199.09,191.68,193.21,19.321,2764000
2019-01-09,194.65,198.67,191.0,196.36,19.636,2598000
2019-01-10,194.86,198.3,191.51,195.96,19.596,1679000
2019-01-11,194.81,199.11,194.62,198.13,19.813,1531000
2019-01-14,195.2,199.0,191.75,197.7,19.77,2296000
2019-01-15,198.9,205.88,198.47,204.72,20.472,2646000
2019-01-16,206.03,210.24,203.56,209.11,20.911,2757000
2019-01-17,208.97,212.6,207.68,209.68,20.968,2190000
2019-01-18,212.5,212.5,209.05,210.55,21.055,2279000
2019-01-21,210.25,211.78,208.04,210.19,21.019,750000
2019-01-22,209.33,211.27,205.67,208.87,20.887,2016000
2019-01-23,210.88,213.8,206.5,209.19,20.919,1814000
2019-01-24,209.01,212.73,208.87,211.5,21.15,1568000
2019-01-25,212.91,216.365,212.2,215.46,21.546,2392000
2019-01-28,211.64,213.82,210.2,211.31,21.131,1799000
2019-01-29,212.87,212.87,205.07,208.61,20.861,2246000
2019-01-30,211.11,214.04,208.8,213.62,21.362,1588000
2019-01-31,213.5,222.83,212.95,221.18,22.118,3481000
2019-02-01,221.25,223.76,219.33,223.25,22.325,1591000
2019-02-04,223.55,229.37,223.55,227.61,22.761,1626000
2019-02-05,228.64,232.25,227.56,227.95,22.795,1680000
2019-02-06,226.6,229.82,225.04,229.12,22.912,1826000
2019-02-07,226.89,231.0,226.89,228.72,22.872,2071000
2019-02-08,226.8,234.69,225.25,233.3,23.33,2480000
2019-02-11,235.0,239.5,229.83,229.83,22.983,3316000
2019-02-12,216.7,232.93,212.82,232.37,23.237,4455000
2019-02-13,235.54,238.18,226.4,227.53,22.753,2689000
2019-02-14,227.0,235.51,226.05,234.39,23.439,2567000
2019-02-15,235.03,236.68,230.36,236.05,23.605,2231000
2019-02-19,237.03,245.5,235.5,239.75,23.975,3262000
2019-02-20,241.04,242.6,233.56,236.35,23.635,2332000
2019-02-21,236.97,238.25,233.74,236.16,23.616,2143000
2019-02-22,237.63,241.47,236.89,241.47,24.147,1830000
2019-02-25,244.99,248.74,242.68,247.73,24.773,2336000
2019-02-26,246.86,248.2,242.52,244.14,24.414,2272000
2019-02-27,243.96,248.97,242.74,248.87,24.887,1881000
2019-02-28,248.95,252.0,247.12,249.28,24.928,2954000
2019-03-01,252.0,256.35,250.33,254.71,25.471,2376000
2019-03-04,255.55,259.39,243.17,248.21,24.821,3260000
2019-03-05,248.21,252.68,245.98,250.92,25.092,2108000
2019-03-06,251.8,252.9,247.54,251.95,25.195,2444000
2019-03-07,251.05,255.3,248.41,251.93,25.193,2036000
2019-03-08,245.13,254.74,243.0,254.36,25.436,3279000
2019-03-11,256.9,269.35,256.68,268.46,26.846,5905000
2019-03-12,268.46,272.61,264.24,270.52,27.052,4478000
2019-03-13,272.5,275.5,269.94,273.38,27.338,4523000
2019-03-14,272.99,279.38,271.21,277.29,27.729,4682000
2019-03-15,278.65,279.57,271.74,273.42,27.342,58294000
2019-03-18,272.7,274.92,268.87,274.92,27.492,4222000
2019-03-19,276.36,276.36,262.53,268.77,26.877,5397000
2019-03-20,267.45,270.72,265.0,267.48,26.748,3623000
2019-03-21,265.95,274.5,265.26,274.0,27.4,3165000
2019-03-22,274.01,274.34,266.44,267.02,26.702,4621000
2019-03-25,265.82,271.9,264.0,269.9,26.99,3296000
2019-03-26,273.49,277.48,271.51,273.53,27.353,3972000
2019-03-27,276.35,276.38,264.0,268.37,26.837,3481000
2019-03-28,268.87,273.84,264.64,273.54,27.354,2894000
2019-03-29,275.2,277.29,271.93,275.86,27.586,2166000
2019-04-01,278.91,280.26,271.5,274.38,27.438,2498000
2019-04-02,275.25,275.25,264.5,268.84,26.884,4048000
2019-04-03,270.33,274.1,265.2,273.7,27.37,3426000
2019-04-04,273.71,273.71,254.23,260.25,26.025,5800000
2019-04-05,261.46,265.0,260.83,263.56,26.356,2392000
2019-04-08,262.24,267.39,260.83,266.42,26.642,2646000
2019-04-09,264.52,272.05,262.27,271.82,27.182,3804000
2019-04-10,272.1,276.1,270.63,275.15,27.515,2396000
2019-04-11,277.82,282.93,276.04,282.17,28.217,2637000
2019-04-12,284.7,286.5,282.89,286.47,28.647,3946000
2019-04-15,286.56,294.19,284.24,291.67,29.167,2486000
2019-04-16,294.19,296.21,285.44,287.48,28.748,2726000
2019-04-17,288.54,291.21,281.88,289.53,28.953,1936000
2019-04-18,289.84,295.45,285.6,295.45,29.545,2440000
2019-04-22,293.25,301.49,293.25,299.49,29.949,2036000
2019-04-23,302.1,305.11,298.28,299.79,29.979,2809000
2019-04-24,301.6,301.81,294.72,296.33,29.633,2402000
2019-04-25,297.77,299.75,292.48,295.37,29.537,1773000
2019-04-26,296.21,303.13,295.5,299.1,29.91,2730000
2019-04-29,302.32,307.65,301.25,303.04,30.304,2249000
2019-04-30,304.0,332.76,304.0,325.75,32.575,5542000
2019-05-01,325.95,338.4,318.88,331.0,33.1,4649000
2019-05-02,331.9,350.98,330.43,343.85,34.385,6758000
2019-05-03,348.95,357.54,342.48,354.86,35.486,3086000
2019-05-06,346.58,358.44,344.1,357.14,35.714,3755000
2019-05-07,354.0,358.6,343.57,348.07,34.807,3417000
2019-05-08,348.0,356.0,347.0,352.67,35.267,2606000
2019-05-09,350.0,352.16,343.1,350.2,35.02,2543000
2019-05-10,349.28,351.91,339.51,347.27,34.727,4194000
2019-05-13,333.79,340.02,329.84,337.78,33.778,3871000
2019-05-14,330.4,342.08,326.69,340.87,34.087,3704000
2019-05-15,338.11,356.35,338.11,355.01,35.501,2487000
2019-05-16,356.81,376.0,356.01,374.49,37.449,4837000
2019-05-17,372.4,377.0,366.32,368.05,36.805,3018000
2019-05-21,366.03,366.86,361.48,365.94,36.594,2730000
2019-05-22,364.23,376.23,363.23,373.54,37.354,2855000
2019-05-23,370.0,374.625,361.85,365.87,36.587,2635000
2019-05-24,369.56,374.88,366.5,370.73,37.073,2209000
2019-05-27,373.0,376.23,372.8,376.23,37.623,996000
2019-05-28,376.16,385.35,375.0,381.42,38.142,7167000
2019-05-29,377.75,378.8,365.84,367.85,36.785,2909000
2019-05-30,370.89,375.0,365.17,374.06,37.406,1816000
2019-05-31,369.88,376.99,368.25,371.84,37.184,2015000
2019-06-03,371.85,374.43,352.63,355.84,35.584,4351000
2019-06-04,361.64,367.95,354.73,367.95,36.795,4538000
2019-06-05,372.83,393.0,371.26,392.24,39.224,4652000
2019-06-06,392.15,399.5,387.08,397.46,39.746,3353000
2019-06-07,398.04,410.55,397.21,405.69,40.569,3867000
2019-06-10,408.7,418.15,404.11,407.35,40.735,3230000
2019-06-11,411.92,413.11,397.09,407.49,40.749,2950000
2019-06-12,405.2,417.0,402.05,413.9,41.39,2507000
2019-06-13,417.23,418.04,407.5,409.69,40.969,2498000
2019-06-14,408.39,410.23,404.0,409.15,40.915,2289000
2019-06-17,408.94,412.33,406.1,410.53,41.053,2060000
2019-06-18,415.75,417.6,406.81,407.19,40.719,2201000
2019-06-19,409.24,435.37,403.98,434.95,43.495,4560000
2019-06-20,438.13,446.4,430.06,433.02,43.302,4018000
2019-06-21,432.8,437.57,428.5,431.5,43.15,7194000
2019-06-24,427.81,428.31,410.3,410.7,41.07,3194000
2019-06-25,402.9,407.31,371.4,373.79,37.379,4564000
2019-06-26,380.0,388.47,370.45,379.45,37.945,3222000
2019-06-27,379.46,396.26,379.45,394.66,39.466,2827000
2019-06-28,397.72,398.29,383.09,393.58,39.358,2613000
2019-07-02,399.21,412.18,399.21,409.2,40.92,2225000
2019-07-03,408.63,416.19,405.7,410.35,41.035,1910000
2019-07-04,411.01,414.99,409.33,414.04,41.404,525000
2019-07-05,408.33,410.59,398.4,410.59,41.059,2741000
2019-07-08,409.8,431.49,408.8,421.47,42.147,3247000
2019-07-09,423.21,426.0,419.36,422.74,42.274,2917000
2019-07-10,425.05,427.1,416.59,417.24,41.724,2208000
2019-07-11,416.86,417.92,411.19,411.21,41.121,1712000
2019-07-12,410.96,411.77,395.1,404.06,40.406,2368000
2019-07-15,403.74,423.1,399.0,422.8,42.28,2192000
2019-07-16,422.6,423.33,411.72,415.6,41.56,1936000
2019-07-17,417.94,439.63,416.58,424.65,42.465,3246000
2019-07-18,424.38,434.5,422.48,431.43,43.143,2440000
2019-07-19,435.15,442.99,430.61,431.05,43.105,2121000
2019-07-22,434.18,446.5,433.97,439.46,43.946,1858000
2019-07-23,443.87,446.0,432.0,434.0,43.4,2320000
2019-07-24,433.76,435.9,425.56,433.34,43.334,1948000
2019-07-25,434.5,445.48,430.69,438.79,43.879,2343000
2019-07-26,441.39,446.77,438.6,442.99,44.299,1959000
2019-07-29,445.15,445.15,413.0,420.47,42.047,4275000
2019-07-30,414.8,424.62,409.41,413.83,41.383,2237000
2019-07-31,415.86,421.64,410.11,419.41,41.941,3038000
2019-08-01,441.8,463.0,435.0,451.58,45.158,6130000
2019-08-02,450.1,452.01,427.38,438.95,43.895,4119000
2019-08-06,435.0,442.61,430.0,441.88,44.188,3679000
2019-08-07,436.46,456.16,436.46,453.65,45.365,3481000
2019-08-08,456.29,474.25,455.3,473.1,47.31,3372000
2019-08-09,468.65,490.95,468.51,488.36,48.836,4440000
2019-08-12,483.54,492.5,477.9,485.68,48.568,3230000
2019-08-13,483.98,491.88,469.59,488.49,48.849,3285000
2019-08-14,476.93,488.16,463.0,470.07,47.007,4053000
2019-08-15,473.16,479.1,463.86,467.52,46.752,3117000
2019-08-16,475.69,479.45,467.51,476.54,47.654,2467000
2019-08-19,482.8,486.09,477.0,481.62,48.162,1867000
2019-08-20,481.0,501.5,479.77,499.15,49.915,2904000
2019-08-21,506.8,519.69,501.0,519.07,51.907,3056000
2019-08-22,520.0,522.0,505.96,517.05,51.705,3081000
2019-08-23,524.56,526.32,506.94,508.41,50.841,4508000
2019-08-26,515.74,528.15,511.25,524.34,52.434,2966000
2019-08-27,533.57,543.76,529.5,541.49,54.149,4869000
2019-08-28,540.62,542.75,519.86,525.63,52.563,3657000
2019-08-29,533.37,536.74,521.28,522.06,52.206,3094000
2019-08-30,524.21,524.47,494.58,512.82,51.282,4938000
2019-09-03,511.11,524.64,507.68,512.58,51.258,3054000
2019-09-04,519.8,521.81,506.3,511.33,51.133,2758000
2019-09-05,515.59,519.68,502.7,519.51,51.951,2992000
2019-09-06,517.35,521.75,501.25,501.7,50.17,2407000
2019-09-09,504.79,505.0,461.5,472.05,47.205,4531000
2019-09-10,464.99,467.71,440.41,442.98,44.298,3150000
2019-09-11,444.72,462.48,442.01,458.28,45.828,3741000
2019-09-12,467.06,475.2,463.5,471.1,47.11,3015000
2019-09-13,474.8,474.8,448.42,449.23,44.923,3168000
2019-09-16,435.0,455.0,433.87,447.48,44.748,2347000
2019-09-17,432.97,444.52,428.19,435.67,43.567,2948000
2019-09-18,439.0,439.0,423.1,432.8,43.28,2381000
2019-09-19,435.0,440.19,426.8,430.65,43.065,1518000
2019-09-20,431.52,439.51,413.87,423.13,42.313,4838000
2019-09-23,420.24,431.59,412.38,415.5,41.55,1959000
2019-09-24,414.76,418.65,381.76,390.72,39.072,4592000
2019-09-25,385.2,418.83,380.21,417.54,41.754,3525000
2019-09-26,418.36,418.54,401.33,415.72,41.572,2128000
2019-09-27,415.75,419.88,400.01,404.9,40.49,1879000
2019-09-30,404.87,418.9,400.75,412.3,41.23,2557000
2019-10-01,414.27,422.67,410.0,414.16,41.416,2346000
2019-10-02,411.0,414.07,399.97,412.87,41.287,1548000
2019-10-03,413.21,435.34,406.42,434.16,43.416,2272000
2019-10-04,435.39,439.1,426.35,435.53,43.553,1855000
2019-10-07,434.08,441.0,428.97,433.99,43.399,1376000
2019-10-08,430.0,433.15,414.03,414.39,41.439,1900000
2019-10-09,417.3,421.55,415.25,418.65,41.865,1230000
2019-10-10,417.01,437.12,415.0,431.24,43.124,1810000
2019-10-11,439.9,445.5,429.24,434.98,43.498,2786000
2019-10-15,459.0,462.97,454.1,456.91,45.691,2789000
2019-10-16,453.6,453.61,425.28,426.94,42.694,1707000
2019-10-17,429.72,438.7,426.94,435.6,43.56,1424000
2019-10-18,438.5,440.0,410.26,412.16,41.216,2291000
2019-10-21,415.05,427.5,409.0,418.04,41.804,2296000
2019-10-22,422.11,427.44,386.77,392.02,39.202,2495000
2019-10-23,391.8,405.0,380.8,388.21,38.821,1602000
2019-10-24,394.21,423.94,392.91,422.34,42.234,2941000
2019-10-25,415.5,419.32,405.0,414.58,41.458,1414000
2019-10-28,423.8,429.55,409.0,422.75,42.275,1579000
2019-10-29,400.0,420.45,390.1,409.36,40.936,2338000
2019-10-30,409.38,421.02,405.0,419.91,41.991,1360000
2019-10-31,417.97,420.5,406.89,413.0,41.3,1515000
2019-11-01,417.0,424.25,411.64,416.19,41.619,1142000
2019-11-04,421.03,422.36,399.75,405.23,40.523,2382000
2019-11-05,405.91,405.91,387.65,389.15,38.915,2349000
2019-11-06,389.19,396.2,384.93,388.99,38.899,1969000
2019-11-07,389.99,392.0,372.57,376.54,37.654,2103000
2019-11-08,372.01,395.1,372.01,393.75,39.375,1945000
2019-11-11,393.69,403.36,388.59,401.41,40.141,1602000
2019-11-12,402.62,410.7,401.0,404.9,40.49,1440000
2019-11-13,402.77,417.25,401.57,416.28,41.628,2546000
2019-11-14,416.52,424.0,410.48,413.81,41.381,1328000
2019-11-15,417.0,418.1,410.0,413.19,41.319,1072000
2019-11-18,413.18,430.37,410.5,426.66,42.666,2346000
2019-11-19,430.5,430.52,417.0,419.65,41.965,1603000
2019-11-20,417.56,431.71,415.08,421.76,42.176,1672000
2019-11-21,424.06,427.1,417.99,419.86,41.986,1317000
2019-11-22,421.14,424.45,411.5,418.26,41.826,1306000
2019-11-25,419.31,424.2,415.77,421.85,42.185,1317000
2019-11-26,422.67,447.42,422.22,443.57,44.357,3647000
2019-11-27,449.7,455.13,438.0,453.19,45.319,2263000
2019-11-28,453.21,455.49,452.17,454.0,45.4,392000
2019-11-29,452.88,457.5,445.45,445.45,44.545,1282000
2019-12-02,447.18,447.39,414.38,440.21,44.021,2658000
2019-12-03,427.27,467.0,427.23,466.42,46.642,2486000
2019-12-04,464.39,497.27,463.65,490.77,49.077,3300000
2019-12-05,490.51,496.11,475.0,479.25,47.925,2121000
2019-12-06,487.0,493.68,478.35,483.35,48.335,1695000
2019-12-09,484.2,503.85,483.0,489.94,48.994,2599000
2019-12-10,494.0,494.0,482.65,487.04,48.704,1850000
2019-12-11,487.5,493.5,483.97,491.71,49.171,1678000
2019-12-12,491.65,495.02,481.22,489.61,48.961,2275000
2019-12-13,488.94,516.6,488.9,508.43,50.843,3128000
2019-12-16,513.98,521.26,502.85,517.42,51.742,2220000
2019-12-17,517.2,521.97,500.77,510.85,51.085,2524000
2019-12-18,513.0,530.17,512.97,520.56,52.056,3912000
2019-12-19,520.99,526.66,513.85,516.06,51.606,1789000
2019-12-20,516.2,524.99,510.29,513.22,51.322,7155000
2019-12-23,516.83,524.99,510.37,511.62,51.162,2439000
2019-12-24,512.46,527.17,508.21,525.39,52.539,1252000
2019-12-27,539.97,544.0,528.0,534.76,53.476,1564000
2019-12-30,535.36,535.36,512.57,517.79,51.779,1620000
2019-12-31,514.39,524.97,509.9,516.3,51.63,1532000
2020-01-02,524.82,530.33,517.98,530.07,53.007,1966000
2020-01-03,521.06,530.1,516.01,525.07,52.507,2057000
2020-01-06,517.61,536.22,514.74,535.04,53.504,3473000
2020-01-07,537.42,549.85,533.51,539.03,53.903,2965000
2020-01-08,540.19,550.65,536.28,545.02,54.502,6568000
2020-01-09,552.11,564.59,552.11,561.57,56.157,3444000
2020-01-10,565.0,572.0,558.26,560.9,56.09,2251000
2020-01-13,566.22,582.75,566.01,575.14,57.514,2748000
2020-01-14,576.73,582.0,563.11,576.31,57.631,3258000
2020-01-15,577.91,590.83,577.82,585.64,58.564,3539000
2020-01-16,592.53,592.53,583.0,588.3,58.83,3069000
2020-01-17,590.77,599.52,589.74,594.57,59.457,2192000
2020-01-20,592.0,598.0,591.02,596.97,59.697,565000
2020-01-21,595.39,617.85,593.01,608.76,60.876,2704000
2020-01-22,616.0,626.2,608.7,610.31,61.031,3095000
2020-01-23,610.01,622.21,605.42,615.88,61.588,3406000
2020-01-24,620.38,625.5,602.11,611.84,61.184,2424000
2020-01-27,591.14,605.6,575.15,594.87,59.487,2660000
2020-01-28,599.65,616.99,595.85,615.42,61.542,2318000
2020-01-29,624.3,633.35,620.86,622.82,62.282,2475000
2020-01-30,622.28,631.64,615.0,628.89,62.889,2346000
2020-01-31,635.2,639.09,613.08,616.33,61.633,2865000
2020-02-03,620.41,629.01,608.14,623.77,62.377,3047000
2020-02-04,633.1,647.0,627.0,644.73,64.473,3338000
2020-02-05,657.62,657.64,622.22,632.22,63.222,3077000
2020-02-06,630.0,632.6,615.1,628.97,62.897,3526000
2020-02-07,626.4,641.0,622.0,636.89,63.689,2752000
2020-02-10,636.19,654.79,636.19,654.53,65.453,2086000
2020-02-11,657.4,664.0,651.0,655.46,65.546,3907000
2020-02-12,752.25,786.07,702.21,705.9,70.59,4185000
2020-02-13,705.39,734.26,703.62,706.38,70.638,2928000
2020-02-14,713.21,718.5,693.56,704.18,70.418,2118000
2020-02-18,707.9,727.38,707.8,709.84,70.984,5691000
2020-02-19,719.74,728.13,712.9,718.66,71.866,2857000
2020-02-20,716.99,724.0,676.22,711.04,71.104,4355000
2020-02-21,705.75,708.83,675.75,686.57,68.657,2898000
2020-02-24,629.11,668.0,629.11,652.99,65.299,3929000
2020-02-25,660.4,667.0,605.99,620.37,62.037,4043000
2020-02-26,609.6,642.68,609.6,627.18,62.718,3055000
2020-02-27,604.76,625.13,571.69,617.64,61.764,3417000
2020-02-28,570.45,623.22,567.42,623.22,62.322,9993000
2020-03-02,647.34,651.75,617.5,651.75,65.175,5933000
2020-03-03,673.82,673.82,626.02,637.65,63.765,6484000
2020-03-04,653.3,688.35,648.55,686.77,68.677,3898000
2020-03-05,661.86,686.99,659.88,669.01,66.901,3801000
2020-03-06,642.27,660.0,616.54,633.29,63.329,4631000
2020-03-09,570.0,606.43,568.18,571.21,57.121,7038000
2020-03-10,603.89,619.0,579.45,618.79,61.879,6395000
2020-03-11,598.37,605.01,559.56,580.83,58.083,6234000
2020-03-12,510.05,553.99,465.04,527.71,52.771,6587000
2020-03-13,557.73,562.57,505.69,546.47,54.647,6624000
2020-03-16,474.05,504.27,449.9,458.52,45.852,4525000
2020-03-17,464.07,509.25,435.03,500.45,50.045,4865000
2020-03-18,465.0,515.0,445.13,498.56,49.856,4862000
2020-03-19,482.97,499.99,457.08,482.1,48.21,4003000
2020-03-20,491.68,530.99,491.68,495.45,49.545,7799000
2020-03-23,502.8,557.0,488.88,542.32,54.232,3557000
2020-03-24,594.03,628.4,588.76,628.4,62.84,3958000
2020-03-25,628.99,668.0,620.96,634.48,63.448,3712000
2020-03-26,635.37,663.5,613.48,631.97,63.197,3913000
2020-03-27,600.89,611.0,580.66,590.0,59.0,4087000
2020-03-30,600.32,614.5,585.0,611.52,61.152,1927000
2020-03-31,610.5,623.75,585.46,589.62,58.962,4270000
2020-04-01,572.93,575.0,543.23,546.21,54.621,3122000
2020-04-02,497.26,520.36,476.38,493.23,49.323,4682000
2020-04-03,500.2,512.01,487.1,504.52,50.452,2024000
2020-04-06,538.0,554.99,522.01,553.94,55.394,2330000
2020-04-07,573.8,573.8,524.0,530.43,53.043,2801000
2020-04-08,536.99,585.5,535.73,581.96,58.196,2908000
2020-04-09,589.38,614.1,578.74,584.72,58.472,4746000
2020-04-13,587.89,629.0,585.0,620.51,62.051,2096000
2020-04-14,651.79,697.26,642.08,690.33,69.033,3456000
2020-04-15,676.57,705.0,672.18,700.5,70.05,2715000
2020-04-16,713.99,748.84,709.3,741.42,74.142,3166000
2020-04-17,760.34,831.52,758.0,831.52,83.152,5048000
2020-04-20,824.8,905.0,823.0,887.56,88.756,4991000
2020-04-21,917.81,945.36,791.0,831.03,83.103,5734000
2020-04-22,874.0,900.0,852.98,887.97,88.797,4137000
2020-04-23,893.89,900.0,859.0,871.32,87.132,3395000
2020-04-24,875.2,918.53,854.14,908.61,90.861,3313000
2020-04-27,934.91,934.91,875.58,883.83,88.383,2316000
2020-04-28,886.26,894.21,853.75,886.43,88.643,2938000
2020-04-29,886.54,898.67,867.0,888.42,88.842,1286000
2020-04-30,867.35,897.0,867.35,882.78,88.278,2851000
2020-05-01,862.04,879.1,840.01,863.14,86.314,1631000
2020-05-04,876.47,928.96,870.87,928.96,92.896,2844000
2020-05-05,940.0,988.15,930.0,967.25,96.725,3809000
2020-05-06,941.0,1043.0,941.0,1034.42,103.442,3514000
2020-05-07,1014.8,1034.08,1001.5,1016.31,101.631,2654000
2020-05-08,984.8,1005.0,980.75,989.06,98.906,1954000
2020-05-11,985.19,1053.98,984.67,1050.02,105.002,2470000
2020-05-12,1078.71,1080.0,1042.41,1053.59,105.359,3910000
2020-05-13,1050.0,1079.86,1012.16,1069.67,106.967,5005000
2020-05-14,1059.2,1068.0,1038.01,1059.5,105.95,1673000
2020-05-15,1061.87,1093.0,1060.0,1082.93,108.293,1923000
2020-05-19,1040.0,1060.81,991.5,1049.33,104.933,3254000
2020-05-20,1064.21,1081.04,1044.63,1077.0,107.7,2195000
2020-05-21,1100.14,1128.0,1090.0,1118.22,111.822,2883000
2020-05-22,1127.23,1158.34,1116.21,1154.32,115.432,1721000
2020-05-25,1155.13,1206.08,1155.13,1187.98,118.798,1203000
2020-05-26,1172.31,1172.31,1054.59,1057.37,105.737,3603000
2020-05-27,1037.45,1041.29,947.24,1032.28,103.228,5873000
2020-05-28,1003.99,1060.0,1003.99,1027.49,102.749,4868000
2020-05-29,1042.0,1058.56,1020.0,1044.97,104.497,2596000
2020-06-01,1035.6,1035.6,1011.73,1030.23,103.023,1038000
2020-06-02,1030.23,1060.55,1005.0,1054.2,105.42,1426000
2020-06-03,1058.99,1058.99,1023.42,1029.33,102.933,1238000
2020-06-04,1031.21,1051.0,980.28,992.55,99.255,1885000
2020-06-05,972.99,995.15,943.74,978.32,97.832,1910000
2020-06-08,961.0,977.44,948.56,975.75,97.575,2960000
2020-06-09,997.66,1013.25,988.05,992.92,99.292,2656000
2020-06-10,1015.29,1017.25,980.34,994.7,99.47,1959000
2020-06-11,987.01,1033.3,985.83,988.02,98.802,3262000
2020-06-12,1010.0,1012.87,973.0,1009.23,100.923,2689000
2020-06-15,1053.97,1095.8,1053.49,1093.37,109.337,4625000
2020-06-16,1097.75,1107.6,1067.05,1093.27,109.327,2238000
2020-06-17,1101.25,1121.71,1099.01,1109.84,110.984,2232000
2020-06-18,1130.94,1181.37,1127.21,1174.98,117.498,2863000
2020-06-19,1188.39,1215.0,1174.98,1204.74,120.474,9397000
2020-06-22,1206.16,1235.0,1206.16,1225.0,122.5,2795000
2020-06-23,1245.0,1253.41,1227.0,1234.0,123.4,3641000
2020-06-24,1234.22,1253.2,1182.73,1220.97,122.097,1925000
2020-06-25,1211.78,1252.0,1193.18,1251.01,125.101,1659000
2020-06-26,1251.01,1267.09,1227.21,1242.59,124.259,1907000
2020-06-29,1253.36,1263.04,1201.0,1263.04,126.304,1976000
2020-06-30,1263.0,1301.77,1261.43,1289.77,128.977,1950000
2020-07-02,1410.79,1440.0,1392.0,1397.61,139.761,2065000
2020-07-03,1406.01,1409.2,1377.11,1388.0,138.8,458000
2020-07-06,1418.01,1431.78,1333.41,1334.82,133.482,2225000
2020-07-07,1335.0,1413.0,1319.68,1376.49,137.649,2263000
2020-07-08,1394.49,1403.1,1355.8,1372.88,137.288,944000
2020-07-09,1384.86,1427.65,1378.14,1412.79,141.279,2174000
2020-07-10,1417.99,1417.99,1382.12,1402.41,140.241,1497000
2020-07-13,1409.81,1457.9,1288.65,1315.14,131.514,3356000
2020-07-14,1315.47,1355.0,1230.0,1325.16,132.516,3921000
2020-07-15,1327.1,1331.11,1263.62,1295.3,129.53,3210000
2020-07-16,1278.12,1285.46,1240.01,1255.5,125.55,1763000
2020-07-17,1266.29,1276.0,1230.47,1261.35,126.135,1849000
2020-07-20,1260.99,1369.0,1246.555,1368.0,136.8,1681000
2020-07-21,1378.79,1379.98,1276.0,1280.8,128.08,2316000
2020-07-22,1300.54,1316.2,1262.74,1282.4,128.24,1311000
2020-07-23,1295.17,1312.09,1224.71,1244.46,124.446,2244000
2020-07-24,1215.0,1261.55,1190.0,1247.01,124.701,1499000
2020-07-27,1274.08,1305.62,1258.0,1305.25,130.525,1273000
2020-07-28,1347.2,1356.51,1306.72,1308.95,130.895,2236000
2020-07-29,1469.8,1472.98,1388.0,1401.23,140.123,3361000
2020-07-30,1390.0,1428.0,1348.93,1412.98,141.298,1709000
2020-07-31,1439.8,1439.99,1359.16,1369.78,136.978,1972000
2020-08-04,1438.0,1450.6,1414.83,1435.56,143.556,2180000
2020-08-05,1431.19,1467.0,1420.0,1453.62,145.362,1859000
2020-08-06,1453.62,1456.0,1422.55,1446.6,144.66,1106000
2020-08-07,1449.56,1462.0,1381.8,1408.04,140.804,1525000
2020-08-10,1414.32,1420.0,1320.0,1343.08,134.308,3600000
2020-08-11,1322.64,1347.0,1285.0,1295.63,129.563,2022000
2020-08-12,1297.25,1335.48,1297.25,1311.64,131.164,1693000
2020-08-13,1325.5,1351.98,1306.59,1322.51,132.251,1272000
2020-08-14,1322.98,1333.0,1298.34,1308.36,130.836,1659000
2020-08-17,1327.99,1345.68,1317.45,1336.03,133.603,1261000
2020-08-18,1348.45,1354.1,1310.54,1348.61,134.861,1487000
2020-08-19,1344.59,1369.1,1318.48,1335.12,133.512,1278000
2020-08-20,1330.0,1375.85,1323.38,1370.14,137.014,1457000
2020-08-21,1370.34,1380.0,1340.0,1346.76,134.676,1253000
2020-08-24,1366.79,1367.0,1309.0,1320.93,132.093,1541000
2020-08-25,1303.73,1369.55,1303.73,1365.11,136.511,1837000
2020-08-26,1375.53,1464.1,1375.52,1434.41,143.441,2746000
2020-08-27,1426.99,1429.1,1377.87,1380.2,138.02,2137000
2020-08-28,1398.21,1413.09,1361.59,1362.43,136.243,1768000
2020-08-31,1358.89,1397.2,1350.0,1393.23,139.323,3778000
2020-09-01,1402.96,1493.6,1402.62,1487.02,148.702,3178000
2020-09-02,1502.0,1502.0,1390.78,1401.72,140.172,3297000
2020-09-03,1373.78,1384.43,1310.0,1330.15,133.015,3262000
2020-09-04,1309.79,1332.56,1178.39,1270.0,127.0,4512000
2020-09-08,1214.79,1255.28,1195.04,1214.48,121.448,3284000
2020-09-09,1253.63,1281.98,1230.38,1250.26,125.026,2068000
2020-09-10,1271.01,1281.63,1220.43,1233.88,123.388,1657000
2020-09-11,1240.24,1247.47,1185.94,1207.53,120.753,1991000
2020-09-14,1224.89,1246.11,1211.35,1231.22,123.122,1876000
2020-09-15,1232.74,1254.87,1217.01,1226.9,122.69,1595000
2020-09-16,1230.2,1235.0,1166.06,1166.53,116.653,2432000
2020-09-17,1134.21,1152.94,1109.41,1143.7,114.37,2779000
2020-09-18,1165.63,1196.28,1144.28,1190.0,119.0,7413000
2020-09-21,1162.99,1236.46,1162.99,1234.73,123.473,1636000
2020-09-22,1256.36,1272.43,1202.36,1268.4,126.84,2104000
2020-09-23,1267.64,1274.13,1218.6,1229.79,122.979,1509000
2020-09-24,1211.0,1240.0,1199.3,1212.96,121.296,1575000
2020-09-25,1217.52,1286.82,1217.52,1286.82,128.682,1770000
2020-09-28,1299.99,1313.75,1272.36,1290.74,129.074,2362000
2020-09-29,1295.21,1379.0,1287.3,1368.0,136.8,3658000
2020-09-30,1391.89,1394.93,1352.41,1361.69,136.169,3810000
2020-10-01,1373.0,1411.62,1366.34,1401.09,140.109,2169000
2020-10-02,1359.01,1402.06,1356.56,1371.56,137.156,2102000
2020-10-05,1373.94,1413.61,1346.14,1413.28,141.328,2274000
2020-10-06,1410.84,1435.4,1371.6,1386.05,138.605,1999000
2020-10-07,1405.55,1430.0,1393.49,1427.6,142.76,1897000
2020-10-08,1435.72,1435.72,1398.9,1411.27,141.127,2048000
2020-10-09,1412.99,1443.0,1408.19,1438.68,143.868,1925000
2020-10-13,1439.02,1458.1,1426.51,1455.95,145.595,2084000
2020-10-14,1463.99,1464.99,1405.51,1424.63,142.463,2041000
2020-10-15,1399.01,1430.92,1384.9,1425.36,142.536,1740000
2020-10-16,1430.41,1456.69,1404.59,1407.9,140.79,1376000
2020-10-19,1409.8,1434.27,1391.43,1397.76,139.776,1360000
2020-10-20,1412.63,1420.44,1374.35,1388.86,138.886,1569000
2020-10-21,1389.31,1402.0,1338.0,1341.62,134.162,1442000
2020-10-22,1349.3,1359.0,1303.33,1322.31,132.231,1785000
2020-10-23,1312.36,1348.76,1309.0,1348.76,134.876,1146000
2020-10-26,1348.68,1375.07,1333.26,1369.86,136.986,1621000
2020-10-27,1402.21,1432.61,1392.8,1420.68,142.068,2005000
2020-10-28,1397.76,1410.0,1353.895,1364.41,136.441,2224000
2020-10-29,1405.79,1410.1,1296.41,1296.41,129.641,2902000
2020-10-30,1292.2,1309.0,1209.52,1228.23,122.823,2602000
2020-11-02,1242.8,1264.9,1191.19,1210.74,121.074,1963000
2020-11-03,1207.82,1252.8,1199.99,1237.01,123.701,1779000
2020-11-04,1289.01,1321.0,1263.7,1303.72,130.372,2602000
2020-11-05,1348.98,1354.0,1312.94,1352.84,135.284,1912000
2020-11-06,1340.21,1361.61,1314.1,1361.45,136.145,1480000
2020-11-09,1284.67,1284.67,1168.53,1173.53,117.353,4421000
2020-11-10,1175.48,1200.52,1140.0,1154.97,115.497,3948000
2020-11-11,1175.43,1238.62,1174.63,1237.79,123.779,1628000
2020-11-12,1242.74,1252.74,1210.81,1213.83,121.383,1834000
2020-11-13,1225.5,1231.88,1195.0,1205.13,120.513,1445000
2020-11-16,1169.4,1203.9,1151.02,1203.83,120.383,1789000
2020-11-17,1203.07,1215.68,1185.42,1192.72,119.272,1420000
2020-11-18,1192.38,1221.56,1184.33,1218.16,121.816,1397000
2020-11-19,1239.23,1283.33,1230.0,1262.0,126.2,1910000
2020-11-20,1273.77,1305.94,1270.0,1294.67,129.467,1896000
2020-11-23,1288.91,1293.81,1262.14,1280.3,128.03,2677000
2020-11-24,1285.69,1286.0,1255.0,1263.38,126.338,2052000
2020-11-25,1265.01,1327.0,1265.01,1317.09,131.709,2710000
2020-11-26,1329.99,1345.0,1320.5,1337.18,133.718,700000
2020-11-27,1343.18,1355.77,1310.99,1343.0,134.3,1182000
2020-11-30,1360.0,1420.0,1340.32,1397.77,139.777,3676000
2020-12-01,1402.11,1409.32,1365.0,1383.86,138.386,2808000
2020-12-02,1365.96,1401.71,1340.0,1396.49,139.649,1916000
2020-12-03,1399.79,1433.0,1365.61,1369.82,136.982,2732000
2020-12-04,1372.14,1381.15,1344.0,1346.74,134.674,1386000
2020-12-07,1352.07,1392.0,1352.0,1385.74,138.574,1532000
2020-12-08,1386.43,1415.0,1384.0,1411.9,141.19,1685000
2020-12-09,1400.21,1409.85,1320.58,1326.95,132.695,2589000
2020-12-10,1300.01,1365.5,1299.99,1359.93,135.993,1403000
2020-12-11,1364.79,1374.92,1326.3,1349.66,134.966,1456000
2020-12-14,1353.09,1377.59,1324.51,1350.26,135.026,1887000
2020-12-15,1340.21,1382.73,1339.0,1361.57,136.157,1996000
2020-12-16,1364.81,1484.11,1364.81,1474.68,147.468,3563000
2020-12-17,1480.0,1534.25,1465.92,1506.77,150.677,3257000
2020-12-18,1505.67,1509.99,1484.96,1500.92,150.092,6332000
2020-12-21,1485.2,1545.0,1474.56,1537.44,153.744,2043000
2020-12-22,1551.11,1658.79,1548.0,1649.23,164.923,2896000
2020-12-23,1630.21,1640.0,1539.78,1542.46,154.246,3078000
2020-12-24,1556.11,1590.0,1553.11,1568.19,156.819,911000
2020-12-29,1498.62,1535.97,1470.19,1500.33,150.033,2467000
2020-12-30,1507.71,1510.0,1464.64,1482.48,148.248,1069000
2020-12-31,1481.12,1481.12,1436.55,1437.32,143.732,1469000
2021-01-04,1452.5,1453.06,1378.68,1396.19,139.619,1609000
2021-01-05,1400.99,1417.57,1383.82,1412.56,141.256,1597000
2021-01-06,1393.25,1406.43,1368.57,1376.05,137.605,1763000
2021-01-07,1410.41,1473.76,1402.29,1470.9,147.09,1820000
2021-01-08,1491.22,1516.72,1465.26,1516.72,151.672,2078000
2021-01-11,1500.01,1558.5,1490.0,1502.41,150.241,1825000
2021-01-12,1524.43,1538.99,1489.0,1512.66,151.266,1249000
2021-01-13,1520.09,1526.5,1490.55,1523.56,152.356,1215000
2021-01-14,1560.21,1560.22,1479.43,1488.68,148.868,2314000
2021-01-15,1505.38,1517.15,1465.16,1490.95,149.095,990000
2021-01-18,1470.01,1536.71,1470.0,1517.12,151.712,672000
2021-01-19,1511.84,1516.28,1464.0,1494.39,149.439,1597000
2021-01-20,1495.16,1535.66,1492.74,1517.39,151.739,1375000
2021-01-21,1526.0,1532.99,1491.21,1510.85,151.085,1138000
2021-01-22,1507.0,1527.75,1497.07,1522.54,152.254,839000
2021-01-25,1531.14,1586.47,1490.0,1536.64,153.664,1909000
2021-01-26,1533.86,1543.69,1470.0,1472.12,147.212,1230000
2021-01-27,1469.63,1469.63,1385.0,1397.7,139.77,3417000
2021-01-28,1426.35,1455.24,1398.6,1434.03,143.403,3074000
2021-01-29,1428.49,1434.7,1384.93,1394.29,139.429,2027000
2021-02-01,1421.99,1476.59,1410.0,1472.45,147.245,1228000
2021-02-02,1493.54,1585.3,1491.22,1581.32,158.132,2598000
2021-02-03,1577.01,1592.15,1533.2,1562.18,156.218,2107000
2021-02-04,1586.24,1645.0,1582.35,1614.46,161.446,1856000
2021-02-05,1626.99,1657.0,1605.54,1643.85,164.385,1514000
2021-02-08,1666.55,1717.94,1655.0,1717.94,171.794,1836000
2021-02-09,1739.21,1845.46,1731.18,1822.99,182.299,2522000
2021-02-10,1825.48,1900.58,1794.24,1857.34,185.734,2081000
2021-02-11,1864.0,1874.36,1828.62,1858.01,185.801,1057000
2021-02-12,1859.51,1875.0,1825.0,1847.2,184.72,1130000
2021-02-16,1867.19,1892.29,1817.96,1856.03,185.603,1598000
2021-02-17,1744.95,1853.0,1719.5,1804.18,180.418,3277000
2021-02-18,1760.93,1796.85,1750.0,1755.6,175.56,1620000
2021-02-19,1757.14,1815.0,1738.36,1810.58,181.058,2015000
2021-02-22,1770.21,1786.16,1718.29,1742.26,174.226,2663000
2021-02-23,1600.83,1663.0,1527.87,1637.26,163.726,2858000
2021-02-24,1645.5,1658.0,1588.98,1632.44,163.244,3119000
2021-02-25,1616.39,1647.38,1538.84,1572.49,157.249,3489000
2021-02-26,1599.78,1648.73,1568.0,1648.73,164.873,6143000
2021-03-01,1665.74,1684.58,1625.0,1655.41,165.541,2628000
2021-03-02,1667.2,1667.2,1584.94,1653.79,165.379,2375000
2021-03-03,1629.68,1650.39,1541.04,1545.03,154.503,1939000
2021-03-04,1519.66,1542.29,1413.18,1455.99,145.599,3514000
2021-03-05,1459.51,1459.51,1296.43,1431.8,143.18,4714000
2021-03-08,1424.34,1473.38,1357.7,1366.51,136.651,2353000
2021-03-09,1411.75,1451.0,1393.56,1431.06,143.106,2120000
2021-03-10,1480.09,1480.09,1364.48,1378.22,137.822,2358000
2021-03-11,1414.09,1452.75,1372.96,1431.53,143.153,2346000
2021-03-12,1405.13,1428.58,1372.63,1422.91,142.291,1499000
2021-03-15,1422.91,1446.14,1388.0,1445.38,144.538,1151000
2021-03-16,1475.26,1483.2,1400.0,1417.85,141.785,3204000
2021-03-17,1400.0,1462.69,1372.0,1451.54,145.154,1830000
2021-03-18,1426.99,1431.22,1386.49,1398.27,139.827,1588000
2021-03-19,1397.67,1423.23,1386.0,1399.98,139.998,7400000
2021-03-22,1399.98,1452.85,1398.82,1450.54,145.054,1005000
2021-03-23,1456.09,1470.12,1436.22,1461.68,146.168,1148000
2021-03-24,1475.41,1490.0,1386.1,1390.46,139.046,2773000
2021-03-25,1377.79,1389.68,1328.43,1337.52,133.752,1884000
2021-03-26,1324.36,1363.44,1267.45,1334.0,133.4,2641000
2021-03-29,1343.99,1354.0,1295.81,1307.2,130.72,1477000
2021-03-30,1295.2,1355.0,1288.12,1324.56,132.456,1295000
2021-03-31,1352.99,1405.82,1344.37,1387.43,138.743,2240000
2021-04-01,1439.0,1481.31,1426.36,1448.18,144.818,1564000
2021-04-05,1474.0,1474.0,1422.6,1434.38,143.438,745000
2021-04-06,1446.79,1480.0,1435.15,1453.4,145.34,1274000
2021-04-07,1449.0,1481.56,1441.0,1462.12,146.212,963000
2021-04-08,1484.0,1539.7,1484.0,1536.84,153.684,1639000
2021-04-09,1520.81,1546.89,1495.0,1537.03,153.703,1435000
2021-04-12,1530.21,1536.77,1492.0,1508.52,150.852,1401000
2021-04-13,1526.79,1565.0,1526.79,1555.57,155.557,1294000
2021-04-14,1564.0,1569.31,1472.15,1476.06,147.606,1320000
2021-04-15,1500.09,1532.1,1486.0,1511.78,151.178,1110000
2021-04-16,1515.32,1525.0,1486.5,1510.34,151.034,1027000
2021-04-19,1496.95,1502.05,1432.28,1432.28,143.228,1303000
2021-04-20,1424.24,1450.1,1396.81,1416.08,141.608,1093000
2021-04-21,1416.07,1438.16,1404.35,1425.99,142.599,874000
2021-04-22,1439.91,1445.42,1365.96,1366.72,136.672,1368000
2021-04-23,1366.78,1383.44,1360.06,1373.73,137.373,971000
2021-04-26,1373.77,1443.76,1373.77,1441.55,144.155,1128000
2021-04-27,1451.04,1451.04,1408.25,1430.45,143.045,908000
2021-04-28,1505.92,1610.0,1477.76,1589.47,158.947,3255000
2021-04-29,1595.0,1598.21,1509.0,1514.33,151.433,1664000
2021-04-30,1490.0,1501.55,1444.25,1450.9,145.09,1795000
2021-05-03,1466.39,1466.39,1375.0,1375.0,137.5,1652000
2021-05-04,1370.0,1407.78,1325.31,1405.66,140.566,1630000
2021-05-05,1411.05,1418.29,1364.61,1376.05,137.605,1523000
2021-05-06,1360.01,1370.15,1302.91,1324.49,132.449,1906000
2021-05-07,1359.48,1372.99,1331.93,1345.36,134.536,1622000
2021-05-10,1338.61,1338.61,1286.16,1303.28,130.328,2346000
2021-05-11,1252.2,1355.29,1248.55,1342.89,134.289,2035000
2021-05-12,1309.9,1334.29,1280.0,1315.49,131.549,1777000
2021-05-13,1339.96,1345.36,1251.74,1274.99,127.499,1695000
2021-05-14,1285.0,1317.7,1264.27,1314.47,131.447,1182000
2021-05-17,1309.93,1342.87,1295.0,1322.6,132.26,887000
2021-05-18,1329.97,1388.42,1321.45,1365.65,136.565,1613000
2021-05-19,1325.23,1420.0,1325.23,1419.22,141.922,2164000
2021-05-20,1425.81,1475.98,1416.53,1464.34,146.434,1549000
2021-05-21,1473.99,1505.015,1438.0,1473.78,147.378,1686000
2021-05-25,1525.74,1542.0,1484.84,1496.68,149.668,1779000
2021-05-26,1514.65,1534.93,1492.0,1499.4,149.94,1195000
2021-05-27,1489.99,1515.77,1467.79,1492.82,149.282,3257000
2021-05-28,1510.2,1536.32,1499.58,1502.42,150.242,1191000
2021-05-31,1509.0,1509.0,1479.0,1480.32,148.032,687000
2021-06-01,1511.59,1537.5,1495.14,1510.72,151.072,1539000
2021-06-02,1522.0,1523.0,1468.64,1479.47,147.947,1186000
2021-06-03,1475.18,1487.41,1447.42,1448.96,144.896,1162000
2021-06-04,1457.04,1480.16,1452.71,1457.15,145.715,681000
2021-06-07,1460.01,1487.85,1434.85,1482.94,148.294,1836000
2021-06-08,1496.33,1513.8,1465.0,1488.28,148.828,1058000
2021-06-09,1487.04,1498.15,1471.66,1472.02,147.202,573000
2021-06-10,1472.18,1495.59,1450.0,1493.25,149.325,756000
2021-06-11,1493.35,1518.9,1492.28,1518.08,151.808,817000
2021-06-14,1517.95,1591.0,1516.22,1585.83,158.583,1536000
2021-06-15,1597.55,1641.98,1567.44,1612.11,161.211,1643000
2021-06-16,1616.49,1685.0,1609.19,1670.47,167.047,2056000
2021-06-17,1671.0,1804.715,1666.98,1790.01,179.001,2464000
2021-06-18,1785.57,1846.45,1775.0,1820.37,182.037,5225000
2021-06-21,1829.51,1920.0,1801.0,1823.7,182.37,2907000
2021-06-22,1832.22,1875.0,1816.2,1850.36,185.036,1862000
2021-06-23,1852.42,1879.95,1836.88,1848.09,184.809,1210000
2021-06-24,1860.0,1881.21,1817.26,1822.84,182.284,1523000
2021-06-25,1828.53,1828.53,1756.84,1812.42,181.242,1344000
2021-06-28,1831.12,1880.0,1825.0,1844.67,184.467,1027000
2021-06-29,1855.79,1873.84,1827.2,1838.77,183.877,982000
2021-06-30,1828.01,1843.82,1804.6,1812.87,181.287,1367000
2021-07-02,1812.96,1850.1,1786.82,1808.25,180.825,912000
2021-07-05,1812.83,1819.0,1803.18,1814.18,181.418,297000
2021-07-06,1815.01,1918.41,1815.01,1916.36,191.636,2008000
2021-07-07,1935.5,1974.99,1886.28,1898.66,189.866,1913000
2021-07-08,1850.21,1880.6,1821.49,1838.03,183.803,1636000
2021-07-09,1838.01,1864.24,1821.9,1862.97,186.297,1026000
2021-07-12,1883.55,1913.05,1840.84,1862.24,186.224,862000
2021-07-13,1869.99,1918.58,1866.94,1899.86,189.986,977000
2021-07-14,1911.91,1930.32,1824.63,1830.04,183.004,1579000
2021-07-15,1856.4,1858.44,1791.05,1814.79,181.479,1211000
2021-07-16,1821.64,1840.0,1799.82,1819.63,181.963,1193000
2021-07-19,1799.23,1882.74,1777.36,1875.12,187.512,1924000
2021-07-20,1881.34,1943.88,1862.2,1934.94,193.494,1850000
2021-07-21,1930.03,1972.87,1919.65,1972.01,197.201,1698000
2021-07-22,1974.99,2014.35,1972.01,2003.51,200.351,1615000
2021-07-23,2022.01,2069.79,2009.45,2068.45,206.845,1596000
2021-07-26,2073.03,2075.88,1980.05,1987.72,198.772,2206000
2021-07-27,1994.95,2014.45,1904.47,1958.3,195.83,2528000
2021-07-28,1980.78,1988.0,1887.04,1930.66,193.066,2226000
2021-07-29,1903.86,1938.45,1878.29,1899.38,189.938,1607000
2021-07-30,1867.0,1901.28,1856.88,1873.0,187.3,1725000
2021-08-03,1938.0,1956.34,1883.21,1910.08,191.008,1752000
2021-08-04,1917.8,1955.0,1903.27,1952.31,195.231,929000
2021-08-05,1954.79,1966.54,1922.88,1931.67,193.167,1325000
2021-08-06,1920.01,1943.32,1887.76,1915.46,191.546,1118000
2021-08-09,1902.01,1950.36,1896.29,1948.87,194.887,3444000
2021-08-10,1948.87,1990.0,1898.15,1912.44,191.244,2389000
2021-08-11,1918.15,1920.77,1853.4,1857.5,185.75,894000
2021-08-12,1866.87,1895.0,1828.81,1881.51,188.151,729000
2021-08-13,1889.99,1889.99,1851.92,1874.65,187.465,577000
2021-08-16,1871.74,1925.0,1850.0,1872.05,187.205,927000
2021-08-17,1860.64,1882.0,1842.0,1870.85,187.085,805000
2021-08-18,1871.4,1909.5,1859.87,1886.76,188.676,916000
2021-08-19,1872.03,1916.5,1871.0,1881.1,188.11,670000
2021-08-20,1892.53,1914.0,1850.0,1861.95,186.195,1074000
2021-08-23,1850.6,1881.23,1845.0,1876.31,187.631,592000
2021-08-24,1903.64,1967.0,1903.35,1939.81,193.981,1130000
2021-08-25,1947.78,1965.1,1908.0,1953.43,195.343,1203000
2021-08-26,1948.51,1963.36,1920.34,1920.43,192.043,613000
2021-08-27,1928.01,1944.06,1921.45,1934.14,193.414,696000
2021-08-30,1940.0,1965.25,1924.68,1952.0,195.2,574000
2021-08-31,1960.26,1961.5,1919.0,1926.59,192.659,1447000
2021-09-01,1934.04,1958.05,1918.83,1942.56,194.256,788000
2021-09-02,1942.64,1993.0,1933.0,1934.95,193.495,1160000
2021-09-03,1934.99,1961.28,1932.0,1946.48,194.648,827000
2021-09-07,1957.01,1967.49,1923.72,1944.78,194.478,1251000
2021-09-08,1942.25,1947.41,1871.01,1875.27,187.527,1452000
2021-09-09,1883.44,1922.3,1883.44,1901.82,190.182,960000
2021-09-10,1914.19,1914.19,1874.65,1881.8,188.18,822000
2021-09-13,1897.99,1897.99,1815.0,1866.68,186.668,2435000
2021-09-14,1865.88,1873.7,1831.18,1838.94,183.894,1901000
2021-09-15,1849.95,1865.8,1814.46,1861.41,186.141,1153000
2021-09-16,1861.37,1874.74,1838.58,1870.29,187.029,778000
2021-09-17,1845.98,1895.52,1844.05,1895.23,189.523,4768000
2021-09-20,1850.0,1876.6,1800.0,1835.6,183.56,1750000
2021-09-21,1856.4,1856.4,1827.0,1843.3,184.33,1310000
2021-09-22,1849.54,1874.0,1836.92,1871.92,187.192,1055000
2021-09-23,1865.0,1875.67,1845.0,1867.25,186.725,576000
2021-09-24,1861.94,1872.46,1809.28,1828.29,182.829,796000
2021-09-27,1809.66,1832.18,1790.24,1822.68,182.268,1460000
2021-09-28,1790.0,1801.09,1726.18,1734.9,173.49,1770000
2021-09-29,1750.01,1768.92,1711.1,1717.91,171.791,1211000
2021-09-30,1724.69,1747.28,1713.37,1719.22,171.922,1415000
2021-10-01,1713.61,1735.0,1693.46,1707.07,170.707,1036000
2021-10-04,1674.8,1676.0,1617.0,1654.75,165.475,1272000
2021-10-05,1654.79,1701.72,1654.79,1656.01,165.601,1027000
2021-10-06,1654.2,1709.93,1650.16,1698.49,169.849,1260000
2021-10-07,1728.68,1763.22,1719.13,1756.81,175.681,1304000
2021-10-08,1770.11,1784.99,1713.69,1717.34,171.734,1285000
2021-10-12,1708.98,1718.41,1684.0,1690.92,169.092,1238000
2021-10-13,1712.79,1740.67,1705.67,1740.67,174.067,770000
2021-10-14,1760.0,1763.96,1735.0,1741.63,174.163,609000
2021-10-15,1754.8,1769.81,1730.0,1763.37,176.337,705000
2021-10-18,1758.38,1815.29,1756.97,1814.27,181.427,771000
2021-10-19,1829.0,1853.96,1819.58,1836.82,183.682,855000
2021-10-20,1851.75,1856.2,1803.39,1834.05,183.405,757000
2021-10-21,1817.99,1862.64,1815.0,1850.58,185.058,656000
2021-10-22,1818.95,1819.0,1738.91,1764.33,176.433,1873000
2021-10-25,1766.0,1781.85,1729.69,1765.85,176.585,1240000
2021-10-26,1770.84,1770.97,1682.0,1688.63,168.863,1802000
2021-10-27,1708.38,1711.11,1652.36,1681.67,168.167,1530000
2021-10-28,1660.58,1850.6,1646.72,1800.04,180.004,3846000
2021-10-29,1772.09,1842.0,1755.95,1807.02,180.702,1922000
2021-11-01,1822.51,1894.35,1811.71,1889.83,188.983,2358000
2021-11-02,1889.83,1902.59,1824.89,1831.29,183.129,1519000
2021-11-03,1858.99,1859.99,1807.48,1851.4,185.14,648000
2021-11-04,1870.42,1930.1,1862.07,1919.64,191.964,1524000
2021-11-05,1924.51,1928.79,1880.85,1902.57,190.257,1395000
2021-11-08,1914.58,1948.2,1901.99,1910.74,191.074,1034000
2021-11-09,1916.74,1946.24,1897.03,1935.3,193.53,949000
2021-11-10,1914.34,1916.07,1837.61,1842.83,184.283,1064000
2021-11-11,1879.5,1903.3,1874.1,1877.65,187.765,752000
2021-11-12,1898.0,2100.83,1897.99,2095.01,209.501,3245000
2021-11-15,2066.15,2128.6,2045.0,2072.82,207.282,1694000
2021-11-16,2069.99,2146.98,2045.35,2104.67,210.467,1238000
2021-11-17,2088.01,2106.75,2064.47,2065.99,206.599,1223000
2021-11-18,2074.41,2137.0,2066.58,2118.47,211.847,1189000
2021-11-19,2165.2,2228.73,2131.79,2139.82,213.982,1409000
2021-11-22,2165.11,2165.11,2006.0,2027.67,202.767,2058000
2021-11-23,2027.2,2046.65,1950.0,1993.94,199.394,1804000
2021-11-24,1979.49,2079.15,1954.93,2060.0,206.0,2385000
2021-11-25,2084.14,2106.68,2046.1,2075.04,207.504,586000
2021-11-26,2099.79,2120.0,2001.34,2003.95,200.395,1677000
2021-11-29,2013.0,2018.67,1948.27,2000.0,200.0,1971000
2021-11-30,2036.91,2074.4,1936.4,1941.03,194.103,3195000
2021-12-01,1979.99,1982.1,1869.83,1873.25,187.325,2243000
2021-12-02,1874.35,1902.23,1834.64,1853.9,185.39,1834000
2021-12-03,1860.17,1875.71,1742.71,1809.67,180.967,2232000
2021-12-06,1767.44,1825.8,1719.58,1823.53,182.353,2071000
2021-12-07,1860.0,1943.0,1858.53,1924.47,192.447,2308000
2021-12-08,1897.99,1939.8,1885.79,1922.29,192.229,1358000
2021-12-09,1909.94,1945.0,1885.94,1899.12,189.912,1129000
2021-12-10,1908.09,1945.0,1835.97,1857.22,185.722,1655000
2021-12-13,1840.0,1880.27,1758.37,1792.15,179.215,2881000
2021-12-14,1762.44,1797.7,1709.91,1740.47,174.047,1908000
2021-12-15,1741.4,1765.08,1664.57,1753.59,175.359,3678000
2021-12-16,1815.21,1815.21,1660.86,1693.69,169.369,3074000
2021-12-17,1672.0,1731.71,1645.0,1705.37,170.537,4480000
2021-12-20,1693.54,1710.63,1649.58,1662.21,166.221,1446000
2021-12-21,1703.04,1770.87,1687.41,1770.16,177.016,1543000
2021-12-22,1764.83,1786.79,1745.0,1776.67,177.667,1448000
2021-12-23,1788.0,1847.9,1772.87,1840.0,184.0,1390000
2021-12-24,1828.06,1849.99,1812.37,1813.55,181.355,215000
2021-12-29,1770.18,1791.14,1730.13,1781.47,178.147,1629000
2021-12-30,1776.31,1833.45,1776.31,1781.51,178.151,1563000
2021-12-31,1781.39,1781.4,1740.77,1741.69,174.169,984000
2022-01-04,1742.37,1742.37,1540.0,1552.23,155.223,3909000
2022-01-05,1541.2,1555.89,1498.01,1513.45,151.345,2540000
2022-01-06,1498.82,1524.7,1456.71,1487.47,148.747,2126000
2022-01-07,1487.43,1498.15,1424.95,1446.18,144.618,2718000
2022-01-10,1405.05,1434.18,1350.16,1433.89,143.389,2594000
2022-01-11,1388.21,1466.37,1375.0,1456.77,145.677,2519000
2022-01-12,1487.46,1489.0,1449.03,1461.85,146.185,2528000
2022-01-13,1468.99,1468.99,1329.93,1333.06,133.306,2819000
2022-01-14,1312.75,1394.51,1312.75,1382.07,138.207,2276000
2022-01-17,1378.6,1397.29,1345.31,1389.55,138.955,741000
2022-01-18,1354.67,1361.14,1291.65,1321.04,132.104,2825000
2022-01-19,1334.38,1399.0,1287.08,1289.82,128.982,2836000
2022-01-20,1311.98,1350.24,1279.17,1282.19,128.219,1590000
2022-01-21,1252.05,1269.14,1091.76,1110.4,111.04,4311000
2022-01-24,1042.4,1216.76,990.0,1188.46,118.846,5417000
2022-01-25,1148.8,1181.31,1067.93,1129.77,112.977,3759000
2022-01-26,1172.4,1192.55,1081.44,1101.17,110.117,4327000
2022-01-27,1146.68,1146.68,1035.85,1040.03,104.003,2806000
2022-01-28,1051.82,1116.26,1013.72,1113.98,111.398,2853000
2022-01-31,1123.09,1230.85,1117.74,1226.95,122.695,4135000
2022-02-01,1253.0,1255.0,1193.0,1247.62,124.762,2828000
2022-02-02,1250.23,1250.23,1098.0,1122.41,112.241,4174000
2022-02-03,1050.01,1084.53,1022.66,1027.74,102.774,4155000
2022-02-04,1066.98,1138.06,1036.3,1118.24,111.824,2722000
2022-02-07,1121.4,1152.7,1085.0,1096.44,109.644,1974000
2022-02-08,1091.7,1118.63,1086.32,1115.58,111.558,2080000
2022-02-09,1152.99,1173.5,1124.0,1170.2,117.02,2133000
2022-02-10,1136.53,1178.72,1126.27,1135.14,113.514,2081000
2022-02-11,1132.64,1149.0,1064.74,1089.55,108.955,3209000
2022-02-14,1081.89,1109.16,1065.13,1078.95,107.895,2066000
2022-02-15,1109.89,1134.3,1076.01,1132.62,113.262,1873000
2022-02-16,1017.0,1017.0,914.0,938.91,93.891,7068000
2022-02-17,925.07,929.85,831.87,837.09,83.709,3925000
2022-02-18,839.81,870.72,815.28,837.0,83.7,4077000
2022-02-22,810.2,841.93,797.97,800.83,80.083,3524000
2022-02-23,813.03,837.69,797.0,799.22,79.922,3162000
2022-02-24,752.0,855.24,752.0,850.62,85.062,3568000
2022-02-25,864.9,875.0,821.1,859.95,85.995,3717000
2022-02-28,863.51,890.37,848.59,879.92,87.992,3739000
2022-03-01,874.75,900.15,855.0,858.33,85.833,2682000
2022-03-02,862.14,862.14,807.27,833.86,83.386,2914000
2022-03-03,840.2,845.0,801.0,812.83,81.283,1637000
2022-03-04,813.04,829.33,753.88,764.65,76.465,2540000
2022-03-07,764.44,772.78,712.32,718.64,71.864,2671000
2022-03-08,708.85,711.02,658.66,663.87,66.387,5498000
2022-03-09,697.07,761.45,685.63,754.1,75.41,3717000
2022-03-10,732.0,732.19,697.41,707.11,70.711,2815000
2022-03-11,726.0,735.0,691.48,694.03,69.403,3945000
2022-03-14,696.24,704.51,654.69,657.14,65.714,2675000
2022-03-15,666.64,718.46,657.52,707.01,70.701,2248000
2022-03-16,735.56,791.91,719.32,789.19,78.919,3964000
2022-03-17,779.85,831.5,767.32,828.47,82.847,2945000
2022-03-18,819.7,873.0,817.26,859.68,85.968,9440000
2022-03-21,883.46,895.0,823.4,860.57,86.057,2918000
2022-03-22,864.22,922.17,843.92,912.5,91.25,4731000
2022-03-23,901.01,927.78,876.0,884.38,88.438,4958000
2022-03-24,892.66,892.71,854.49,882.59,88.259,1997000
2022-03-25,877.55,882.24,832.0,846.65,84.665,1668000
2022-03-28,855.91,900.0,842.95,878.67,87.867,2253000
2022-03-29,900.01,947.33,879.01,929.58,92.958,2925000
2022-03-30,910.0,917.39,865.0,879.61,87.961,2719000
2022-03-31,885.95,889.01,844.47,845.47,84.547,2621000
2022-04-01,863.99,896.01,849.39,865.71,86.571,2248000
2022-04-04,870.05,912.5,863.52,907.81,90.781,2001000
2022-04-05,905.04,919.0,862.96,878.47,87.847,2385000
2022-04-06,854.62,856.46,798.19,822.42,82.242,3294000
2022-04-07,825.95,840.78,781.96,811.12,81.112,2182000
2022-04-08,809.22,809.22,755.0,757.98,75.798,2638000
2022-04-11,775.0,793.23,750.0,780.02,78.002,3646000
2022-04-12,797.31,810.54,746.23,747.23,74.723,2958000
2022-04-13,747.27,782.4,734.69,759.17,75.917,2225000
2022-04-14,757.37,762.05,730.59,731.93,73.193,1905000
2022-04-18,728.35,739.99,701.43,733.43,73.343,1867000
2022-04-19,731.22,775.15,726.88,764.63,76.463,1945000
2022-04-20,745.99,746.0,656.75,658.05,65.805,5180000
2022-04-21,672.47,672.47,594.46,604.58,60.458,5164000
2022-04-22,608.27,624.0,577.46,585.08,58.508,3988000
2022-04-25,593.78,606.68,577.11,584.24,58.424,4262000
2022-04-26,579.6,585.54,548.21,549.07,54.907,3277000
2022-04-27,543.25,563.53,531.0,533.62,53.362,4140000
2022-04-28,557.67,578.89,527.96,568.15,56.815,3856000
2022-04-29,542.08,590.14,536.0,549.53,54.953,3025000
2022-05-02,546.84,584.0,544.98,583.26,58.326,3500000
2022-05-03,579.0,609.0,578.0,597.14,59.714,2939000
2022-05-04,590.82,621.27,564.45,618.3,61.83,5219000
2022-05-05,517.82,545.33,505.18,529.63,52.963,5392000
2022-05-06,514.97,515.06,460.0,486.07,48.607,4938000
2022-05-09,468.0,479.72,438.34,442.39,44.239,4483000
2022-05-10,460.48,473.29,414.35,436.9,43.69,5298000
2022-05-11,431.73,446.25,409.0,414.41,41.441,6581000
2022-05-12,410.58,500.0,402.0,462.28,46.228,5558000
2022-05-13,485.56,530.0,485.56,519.73,51.973,4790000
2022-05-16,518.93,518.93,458.6,462.77,46.277,4415000
2022-05-17,485.0,494.15,445.55,477.54,47.754,3291000
2022-05-18,461.7,487.15,456.34,464.88,46.488,2798000
2022-05-19,463.31,528.99,461.97,501.67,50.167,4618000
2022-05-20,514.97,514.97,437.16,466.3,46.63,4488000
2022-05-24,453.37,455.41,409.24,416.2,41.62,4671000
2022-05-25,419.6,431.23,409.1,426.78,42.678,3069000
2022-05-26,423.85,456.1,418.0,448.75,44.875,3191000
2022-05-27,457.39,473.0,453.6,469.32,46.932,2775000
2022-05-30,475.2,492.23,475.2,486.57,48.657,1194000
2022-05-31,475.2,488.95,458.46,474.85,47.485,4699000
2022-06-01,479.07,495.31,445.89,457.33,45.733,3184000
2022-06-02,459.8,503.88,453.97,501.14,50.114,2756000
2022-06-03,484.73,484.73,438.74,445.13,44.513,4325000
2022-06-06,459.99,470.0,446.0,452.54,45.254,2717000
2022-06-07,446.0,477.13,440.68,476.52,47.652,4315000
2022-06-08,477.89,495.15,472.99,491.13,49.113,3929000
2022-06-09,488.65,501.3,471.18,471.52,47.152,3238000
2022-06-10,455.19,462.95,434.08,444.85,44.485,3033000
2022-06-13,426.0,435.01,401.62,403.16,40.316,3076000
2022-06-14,409.86,414.72,386.29,393.05,39.305,3737000
2022-06-15,398.6,427.44,394.99,420.22,42.022,5382000
2022-06-16,408.19,412.85,387.66,394.53,39.453,3002000
2022-06-17,399.52,425.0,399.52,412.84,41.284,7269000
2022-06-20,415.06,420.77,413.19,420.34,42.034,625000
2022-06-21,418.28,435.14,417.7,423.84,42.384,2678000
2022-06-22,419.0,450.0,418.0,438.64,43.864,3665000
2022-06-23,444.68,474.31,431.09,472.17,47.217,3166000
2022-06-24,476.77,501.15,472.0,497.09,49.709,2879000
2022-06-27,504.08,508.91,463.0,480.7,48.07,2457000
2022-06-28,480.0,488.57,446.86,451.04,45.104,2829000
2022-06-29,44.44,44.96,41.88,42.59,42.59,1783600
2022-06-30,42.15,42.99,39.76,40.22,40.22,3377600
2022-07-04,40.8,41.4,40.1,40.35,40.35,610400
2022-07-05,40.14,44.66,38.7,44.36,44.36,3416400
2022-07-06,44.55,45.95,42.79,43.06,43.06,2408700
2022-07-07,42.81,46.04,42.03,45.83,45.83,2630900
2022-07-08,44.48,47.56,44.25,46.08,46.08,1804100
2022-07-11,45.23,45.65,41.64,42.0,42.0,2935100
2022-07-12,42.29,43.55,41.3,42.15,42.15,2440600
2022-07-13,40.7,42.99,39.47,41.71,41.71,2485900
2022-07-14,41.91,42.54,39.92,40.17,40.17,3408700
2022-07-15,40.92,41.53,39.17,40.7,40.7,2662800
2022-07-18,41.33,44.25,41.24,42.24,42.24,3166000
2022-07-19,44.25,44.3,41.45,44.23,44.23,2596500
2022-07-20,44.08,50.01,43.96,49.66,49.66,3610400
2022-07-21,49.17,52.41,48.9,52.03,52.03,3936200
2022-07-22,50.68,51.09,47.33,48.24,48.24,2926600
2022-07-25,47.95,48.08,45.96,47.11,47.11,2465000
2022-07-26,41.03,41.08,39.3,40.69,40.69,4541800
2022-07-27,40.54,45.6,40.3,45.17,45.17,4949100
2022-07-28,44.47,46.39,43.23,46.05,46.05,6822300
2022-07-29,45.22,47.03,43.29,44.61,44.61,4221000
2022-08-02,45.81,50.07,45.74,48.6,48.6,4049700
2022-08-03,49.18,54.1,49.17,53.85,53.85,3906000
2022-08-04,53.91,54.75,51.68,52.75,52.75,3579100
2022-08-05,51.11,54.99,50.68,52.74,52.74,3691100
2022-08-08,53.28,54.53,50.54,51.11,51.11,3747000
2022-08-09,49.81,49.98,46.83,47.29,47.29,3306100
2022-08-10,50.57,52.18,48.61,51.9,51.9,3512200
2022-08-11,54.68,57.85,50.64,51.66,51.66,4760400
2022-08-12,52.88,53.11,50.68,52.0,52.0,2766400
2022-08-15,51.59,53.05,50.19,51.44,51.44,2977700
2022-08-16,51.51,51.85,48.43,50.84,50.84,3521600
2022-08-17,50.05,50.4,47.89,48.13,48.13,3698900
2022-08-18,48.15,48.3,46.5,47.73,47.73,2872100
2022-08-19,46.91,47.26,44.3,44.43,44.43,3611500
2022-08-22,43.43,44.22,42.47,43.25,43.25,2305200
2022-08-23,43.02,43.79,42.01,42.06,42.06,2686900
2022-08-24,42.62,44.44,42.23,43.18,43.18,3000200
2022-08-25,43.67,44.88,43.1,44.38,44.38,2614500
2022-08-26,44.37,44.69,41.5,42.23,42.23,3880400
2022-08-29,41.33,43.18,41.33,41.55,41.55,2474000
2022-08-30,42.29,42.87,40.02,41.09,41.09,3503400
2022-08-31,41.94,43.73,41.14,41.58,41.58,4926300
2022-09-01,40.78,41.23,39.27,41.15,41.15,4345300
2022-09-02,41.78,41.94,39.26,39.54,39.54,4073600
2022-09-06,39.84,39.86,38.19,39.25,39.25,3125200
2022-09-07,39.56,40.86,38.72,40.61,40.61,3228800
2022-09-08,40.03,41.92,39.33,41.83,41.83,7353100
2022-09-09,42.35,45.47,42.29,45.31,45.31,4277100
2022-09-12,45.15,46.46,44.93,45.66,45.66,2800900
2022-09-13,42.9,43.84,42.37,43.12,43.12,11157300
2022-09-14,42.98,44.44,42.05,44.36,44.36,3025500
2022-09-15,43.76,45.85,43.47,44.8,44.8,3185900
2022-09-16,43.3,43.64,41.54,42.16,42.16,8300800
2022-09-19,41.5,43.76,41.5,43.62,43.62,2724900
2022-09-20,43.05,43.2,41.19,41.35,41.35,3347800
2022-09-21,41.47,43.33,40.84,41.09,41.09,4011000
2022-09-22,40.66,41.14,38.24,38.52,38.52,4478800
2022-09-23,38.2,39.25,37.49,39.1,39.1,3960400
2022-09-26,38.95,40.76,38.78,38.81,38.81,3203500
2022-09-27,39.8,40.23,38.06,38.32,38.32,3349100
2022-09-28,38.27,40.0,37.91,39.86,39.86,3836900
2022-09-29,38.93,39.07,36.38,36.68,36.68,5036700
2022-09-30,36.59,38.58,36.25,37.19,37.19,4452000
2022-10-03,37.42,38.47,36.3,37.8,37.8,3536400
2022-10-04,39.65,43.1,39.59,42.61,42.61,5327300
2022-10-05,41.54,42.57,41.07,41.96,41.96,2922700
2022-10-06,41.78,42.52,40.85,41.32,41.32,2956000
2022-10-07,40.0,40.01,37.03,37.35,37.35,4540700
2022-10-11,36.5,36.57,34.53,35.37,35.37,4470900
2022-10-12,35.36,36.5,34.84,35.93,35.93,2836700
2022-10-13,33.86,36.5,33.0,36.11,36.11,4183500
2022-10-14,37.2,37.69,36.1,36.22,36.22,3223800
2022-10-17,37.76,38.4,37.23,38.12,38.12,3385000
2022-10-18,39.99,40.75,39.11,39.52,39.52,3037600
2022-10-19,39.1,39.37,38.37,39.04,39.04,2598900
2022-10-20,39.02,42.25,38.98,40.94,40.94,4076600
2022-10-21,40.0,40.59,38.56,40.54,40.54,5749800
2022-10-24,40.3,40.32,38.3,39.49,39.49,3331100
2022-10-25,39.88,41.09,39.8,40.63,40.63,3159600
2022-10-26,39.68,41.98,38.77,39.46,39.46,4235800
2022-10-27,41.98,46.8,41.89,46.22,46.22,7203200
2022-10-28,46.0,47.27,44.36,46.55,46.55,4625200
2022-10-31,46.55,49.33,46.32,46.71,46.71,5024200
2022-11-01,48.0,48.65,47.4,47.43,47.43,2342400
2022-11-02,47.56,49.18,45.9,45.97,45.97,6449000
2022-11-03,45.41,48.25,45.31,46.38,46.38,3305900
2022-11-04,46.95,47.35,42.31,43.33,43.33,5155500
2022-11-07,43.99,44.4,42.52,43.51,43.51,2556900
2022-11-08,43.94,44.53,42.55,44.09,44.09,3798700
2022-11-09,43.52,43.53,41.16,41.77,41.77,3205900
2022-11-10,45.31,48.84,44.75,48.65,48.65,5330600
2022-11-11,48.65,54.18,48.06,52.34,52.34,5415200
2022-11-14,51.84,52.2,50.44,51.12,51.12,3961900
2022-11-15,53.82,55.49,53.1,53.24,53.24,5497600
2022-11-16,52.02,52.83,50.4,51.34,51.34,4527600
2022-11-17,49.93,51.02,49.29,50.26,50.26,3153700
2022-11-18,51.25,51.33,48.38,49.02,49.02,5080400
2022-11-21,48.31,48.54,46.67,47.36,47.36,3740200
2022-11-22,47.07,47.42,46.12,47.2,47.2,2611500
2022-11-23,47.27,49.45,47.13,49.13,49.13,3368200
2022-11-24,49.62,50.11,49.53,49.99,49.99,732600
2022-11-25,49.07,49.53,48.21,49.18,49.18,2149500
2022-11-28,52.34,53.99,50.53,51.34,51.34,4356300
2022-11-29,52.1,54.15,49.92,50.45,50.45,5573500
2022-11-30,50.39,55.26,50.09,55.26,55.26,9887500
2022-12-01,55.9,58.7,55.5,58.29,58.29,5235400
2022-12-02,56.65,60.63,56.55,57.96,57.96,6945500
2022-12-05,57.55,58.69,54.96,55.46,55.46,3376800
2022-12-06,55.31,55.64,52.68,53.21,53.21,6389800
2022-12-07,52.18,53.07,51.3,52.51,52.51,4114700
2022-12-08,51.57,53.17,49.7,52.49,52.49,3524300
2022-12-09,52.47,55.09,52.32,52.4,52.4,3031400
2022-12-12,51.67,52.85,51.25,52.28,52.28,4021000
2022-12-13,56.7,57.78,52.25,52.55,52.55,5378100
2022-12-14,52.08,53.4,51.17,51.82,51.82,4451400
2022-12-15,50.62,51.4,49.23,49.71,49.71,4456400
2022-12-16,49.4,50.77,48.79,49.4,49.4,9614100
2022-12-19,49.28,49.5,48.11,48.47,48.47,2479100
2022-12-20,47.62,50.44,47.52,49.01,49.01,4489800
2022-12-21,49.45,50.29,48.1,49.26,49.26,5571600
2022-12-22,48.56,48.58,45.685,47.26,47.26,5053700
2022-12-23,46.72,47.11,45.17,45.83,45.83,3704100
2022-12-28,44.92,45.51,44.06,44.4,44.4,3769800
2022-12-29,44.95,47.92,44.67,47.56,47.56,3258500
2022-12-30,46.55,47.66,46.27,47.01,47.01,3633100
2023-01-03,48.79,49.64,47.21,48.79,48.79,4362800
2023-01-04,49.16,50.91,48.41,50.61,50.61,4293100
2023-01-05,49.37,49.8,47.91,48.83,48.83,4130200
2023-01-06,48.89,50.05,47.4,49.56,49.56,3783000
2023-01-09,50.49,51.5,49.76,49.81,49.81,3927600
2023-01-10,49.61,50.06,48.37,49.01,49.01,3535200
2023-01-11,49.43,50.14,48.04,48.92,48.92,5545800
2023-01-12,49.79,49.98,47.78,49.11,49.11,5442200
2023-01-13,48.05,52.3,47.96,52.09,52.09,4535200
2023-01-16,52.35,52.8,52.12,52.16,52.16,657100
2023-01-17,52.52,53.9,51.02,53.53,53.53,3907500
2023-01-18,54.2,54.91,52.79,52.89,52.89,4862500
2023-01-19,51.6,53.12,51.17,51.29,51.29,4192800
2023-01-20,52.0,54.17,51.45,54.16,54.16,3801500
2023-01-23,56.35,59.0,56.14,58.91,58.91,5404700
2023-01-24,58.02,59.75,56.66,57.09,57.09,4397500
2023-01-25,59.9,64.6,59.4,63.34,63.34,8521000
2023-01-26,65.0,65.89,62.09,64.42,64.42,6310200
2023-01-27,63.56,66.75,63.5,66.66,66.66,4237600
2023-01-30,66.11,66.28,63.15,63.21,63.21,4996600
2023-01-31,64.11,66.32,64.0,65.57,65.57,4687300
2023-02-01,65.7,67.67,64.53,66.79,66.79,6305500
2023-02-02,70.65,72.49,69.78,71.39,71.39,5984900
2023-02-03,68.87,73.03,68.44,70.93,70.93,6173200
2023-02-06,69.23,71.06,69.18,69.34,69.34,2971600
2023-02-07,69.43,69.73,66.38,68.82,68.82,4309300
2023-02-08,68.49,69.34,66.92,66.98,66.98,3810500
2023-02-09,68.25,68.63,66.51,66.86,66.86,4456600
2023-02-10,65.52,65.58,63.27,64.44,64.44,3159900
2023-02-13,64.68,65.47,64.04,65.03,65.03,2588100
2023-02-14,65.21,67.62,64.18,66.82,66.82,3140900
2023-02-15,68.39,71.9,67.4,71.44,71.44,4426900
2023-02-16,61.95,63.07,59.6,60.39,60.39,7161500
2023-02-17,59.49,60.76,57.89,58.7,58.7,4715700
2023-02-21,56.84,57.87,55.64,56.06,56.06,3727300
2023-02-22,56.96,58.09,55.61,57.01,57.01,4248300
2023-02-23,57.99,57.99,55.56,57.38,57.38,3644600
2023-02-24,55.36,56.1,54.43,55.43,55.43,3887900
2023-02-27,55.55,55.7,53.92,54.94,54.94,2695000
2023-02-28,54.99,56.34,54.88,56.18,56.18,3645500
2023-03-01,56.18,56.46,54.5,54.54,54.54,3255800
2023-03-02,53.28,56.3,53.16,55.97,55.97,3230300
2023-03-03,56.43,59.1,56.22,58.99,58.99,3318100
2023-03-06,59.55,59.98,58.82,59.2,59.2,2849500
2023-03-07,58.86,59.7,57.94,58.4,58.4,3664000
2023-03-08,58.26,60.43,57.84,60.25,60.25,2880200
2023-03-09,60.3,63.27,59.1,59.47,59.47,4594500
2023-03-10,58.07,58.71,55.98,57.33,57.33,4965500
2023-03-13,55.87,58.65,54.78,57.38,57.38,5369100
2023-03-14,58.59,60.41,58.59,59.88,59.88,3698600
2023-03-15,58.69,59.96,58.02,59.92,59.92,3798200
2023-03-16,59.6,61.56,57.9,61.32,61.32,4318700
2023-03-17,60.73,62.25,60.2,61.36,61.36,6835600
2023-03-20,60.6,60.64,58.57,59.93,59.93,2950900
2023-03-21,60.21,63.14,60.2,62.73,62.73,3471900
2023-03-22,62.68,64.62,61.38,61.69,61.69,3623600
2023-03-23,62.62,64.04,61.89,62.79,62.79,3808000
2023-03-24,62.15,62.78,60.86,61.73,61.73,2780000
2023-03-27,62.37,62.84,60.59,61.58,61.58,2620500
2023-03-28,61.48,62.0,59.9,60.25,60.25,3239800
2023-03-29,60.9,63.39,60.83,63.31,63.31,4156400
2023-03-30,63.98,64.02,62.3,62.91,62.91,3103000
2023-03-31,63.1,65.15,62.19,64.8,64.8,4030100
2023-04-03,63.71,64.08,62.65,63.97,63.97,3808000
2023-04-04,64.03,64.77,63.71,64.02,64.02,3064100
2023-04-05,63.71,63.76,60.81,60.85,60.85,3779700
2023-04-06,60.35,61.44,58.76,61.18,61.18,3175900
2023-04-10,60.54,61.61,59.67,61.24,61.24,2592600
2023-04-11,60.94,61.51,59.53,60.33,60.33,3323600
2023-04-12,63.45,65.63,60.8,60.89,60.89,6300100
2023-04-13,61.19,62.47,60.86,60.99,60.99,3206800
2023-04-14,60.84,62.11,60.2,61.99,61.99,2783600
2023-04-17,61.85,65.44,61.46,64.98,64.98,4268200
2023-04-18,65.5,66.72,65.13,65.92,65.92,3256400
2023-04-19,65.01,66.42,64.9,66.01,66.01,2967700
2023-04-20,65.25,65.63,64.19,64.55,64.55,5998200
2023-04-21,65.1,66.33,64.83,66.27,66.27,4879300
2023-04-24,66.08,67.02,64.4,65.02,65.02,3000100
2023-04-25,64.5,64.58,63.15,63.34,63.34,2843600
2023-04-26,64.4,64.59,63.01,63.28,63.28,3228700
2023-04-27,64.53,64.75,63.09,64.67,64.67,2684000
2023-04-28,64.15,66.17,64.06,65.64,65.64,3568300
2023-05-01,65.26,66.28,63.84,64.04,64.04,2859800
2023-05-02,63.59,64.83,62.8,63.72,63.72,2812500
2023-05-03,63.92,65.15,62.94,63.05,63.05,3154300
2023-05-04,73.0,81.2,73.0,77.65,77.65,9667300
2023-05-05,77.26,83.72,76.86,83.04,83.04,5247000
2023-05-08,81.83,87.0,81.71,86.13,86.13,5471500
2023-05-09,84.93,85.6,83.52,85.5,85.5,4191600
2023-05-10,85.8,87.53,84.47,84.58,84.58,4382400
2023-05-11,84.23,85.03,83.04,84.93,84.93,3127300
2023-05-12,84.18,84.56,82.75,83.12,83.12,3081300
2023-05-15,82.29,83.88,82.05,83.03,83.03,2628200
2023-05-16,82.05,83.29,81.06,81.14,81.14,2746200
2023-05-17,81.15,82.18,80.18,81.73,81.73,2630300
2023-05-18,81.94,83.59,81.14,82.21,82.21,4078300
2023-05-19,82.05,82.36,80.79,81.31,81.31,2917300
2023-05-23,82.71,83.75,78.3,78.77,78.77,5457500
2023-05-24,77.86,81.32,77.25,80.18,80.18,8353600
2023-05-25,81.08,81.16,78.35,78.67,78.67,2441800
2023-05-26,78.77,81.58,78.68,80.69,80.69,3077900
2023-05-29,81.33,81.96,81.0,81.48,81.48,900800
2023-05-30,82.3,83.61,78.59,79.14,79.14,3304000
2023-05-31,79.01,80.46,77.21,77.67,77.67,4214900
2023-06-01,76.3,78.78,75.09,77.88,77.88,3129800
2023-06-02,79.25,80.2,77.8,78.25,78.25,2750200
2023-06-05,77.91,81.67,77.67,80.56,80.56,3399600
2023-06-06,83.0,85.86,81.71,85.35,85.35,4414500
2023-06-07,85.79,86.44,79.35,79.67,79.67,5581400
2023-06-08,79.15,81.71,77.535,79.17,79.17,4415100
2023-06-09,79.7,82.96,79.66,81.88,81.88,3397200
2023-06-12,82.9,87.75,82.81,86.96,86.96,3733600
2023-06-13,88.06,88.64,84.26,84.99,84.99,3190300
2023-06-14,85.09,88.35,84.95,87.85,87.85,3372100
2023-06-15,87.0,87.65,85.0,87.44,87.44,3399100
2023-06-16,88.55,89.02,85.1,85.53,85.53,8106200
2023-06-19,85.5,85.94,85.2,85.53,85.53,269500
2023-06-20,86.0,88.12,83.93,85.03,85.03,3087400
2023-06-21,84.74,85.64,81.63,83.16,83.16,2728100
2023-06-22,82.34,84.27,81.74,83.47,83.47,2847700
2023-06-23,82.03,84.3,81.37,84.11,84.11,2445200
2023-06-26,83.48,85.5,83.05,83.15,83.15,2139200
2023-06-27,83.91,85.04,82.87,84.1,84.1,2345100
2023-06-28,84.7,87.92,83.94,85.65,85.65,2708600
2023-06-29,86.11,86.14,83.77,84.46,84.46,2269400
2023-06-30,85.37,86.48,84.98,85.62,85.62,4895600
2023-07-04,85.9,86.47,85.865,86.31,86.31,627100
2023-07-05,85.55,85.94,83.65,85.57,85.57,2930000
2023-07-06,83.95,84.27,81.89,82.65,82.65,4817800
2023-07-07,82.68,84.2,81.82,81.9,81.9,3731100
2023-07-10,81.5,82.37,80.36,82.19,82.19,2087300
2023-07-11,82.69,83.93,82.39,83.6,83.6,2673400
2023-07-12,85.04,86.92,83.97,86.91,86.91,4203900
2023-07-13,88.24,92.41,88.0,92.24,92.24,4782700
2023-07-14,92.75,93.83,90.48,90.55,90.55,3624000
2023-07-17,90.63,92.07,89.6,90.63,90.63,2540300
2023-07-18,90.08,90.6,86.3,88.57,88.57,5710100
2023-07-19,89.38,91.0,88.77,89.91,89.91,3234900
2023-07-20,88.5,89.79,85.7,86.21,86.21,5105600
2023-07-21,87.44,88.01,86.19,86.71,86.71,2245100
2023-07-24,88.42,89.35,86.19,87.15,87.15,2443400
2023-07-25,87.2,87.7,85.58,85.62,85.62,2292600
2023-07-26,85.29,87.05,84.46,85.4,85.4,2866000
2023-07-27,87.4,89.43,84.13,84.66,84.66,4036900
2023-07-28,85.99,87.64,85.84,87.4,87.4,2782800
2023-07-31,88.43,90.04,88.3,89.08,89.08,2938100
2023-08-01,88.5,89.85,87.2,89.62,89.62,3241600
2023-08-02,87.4,88.19,82.71,83.39,83.39,7118500
2023-08-03,82.62,85.75,77.84,78.89,78.89,4887400
2023-08-04,80.55,81.75,77.22,77.52,77.52,4554100
2023-08-08,76.07,77.32,74.89,75.33,75.33,3362400
2023-08-09,75.38,76.66,74.05,74.11,74.11,2854600
2023-08-10,75.37,76.57,74.44,75.92,75.92,2978000
2023-08-11,75.06,75.29,73.57,74.29,74.29,1905900
2023-08-14,73.49,75.38,73.25,75.37,75.37,2329400
2023-08-15,74.88,75.67,73.85,74.7,74.7,3759300
2023-08-16,74.33,75.72,73.52,74.91,74.91,3605800
2023-08-17,75.1,75.58,71.51,72.06,72.06,3340000
2023-08-18,70.0,72.12,69.45,71.98,71.98,2695100
2023-08-21,72.36,73.42,71.74,73.06,73.06,2447800
2023-08-22,73.82,74.55,73.0,73.2,73.2,2613400
2023-08-23,73.64,77.15,73.58,76.83,76.83,3068000
2023-08-24,77.4,77.54,74.55,75.32,75.32,2606200
2023-08-25,75.33,76.89,73.74,75.57,75.57,2434100
2023-08-28,76.5,77.09,75.73,76.64,76.64,1860600
2023-08-29,76.78,80.17,76.38,79.77,79.77,4093700
2023-08-30,79.4,81.23,79.03,81.21,81.21,3852000
2023-08-31,87.5,90.33,85.65,89.89,89.89,6433000
2023-09-01,90.25,91.59,89.55,90.73,90.73,3123800
2023-09-05,90.0,90.59,88.95,89.75,89.75,2235100
2023-09-06,88.87,90.33,88.78,89.81,89.81,2832900
2023-09-07,88.41,89.89,86.94,88.65,88.65,5536900
2023-09-08,88.11,88.28,85.66,85.99,85.99,2149300
2023-09-11,86.23,87.93,85.34,87.69,87.69,3252600
2023-09-12,86.5,87.94,85.31,85.42,85.42,2490300
2023-09-13,84.78,85.62,83.72,84.9,84.9,2328900
2023-09-14,85.4,86.25,84.8,85.74,85.74,3160100
2023-09-15,85.73,85.95,83.74,84.93,84.93,8411200
2023-09-18,83.68,84.2,80.1,80.31,80.31,3399400
2023-09-19,79.26,79.39,76.26,78.41,78.41,3051300
2023-09-20,78.54,78.76,76.55,76.74,76.74,2034600
2023-09-21,74.66,75.62,72.39,72.41,72.41,3740200
2023-09-22,73.6,74.31,71.36,71.57,71.57,3474000
2023-09-25,71.0,72.18,70.53,72.11,72.11,3377200
2023-09-26,71.45,72.37,69.46,69.64,69.64,3458100
2023-09-27,70.14,70.89,69.03,70.04,70.04,3032100
2023-09-28,69.02,72.6,68.27,71.78,71.78,2623700
2023-09-29,73.0,75.18,72.9,74.14,74.14,4348800
2023-10-02,73.9,75.42,73.17,73.84,73.84,3028100
2023-10-03,72.5,73.48,69.94,70.44,70.44,3514300
2023-10-04,71.42,72.455,70.49,72.23,72.23,3762200
2023-10-05,71.52,72.23,70.24,71.51,71.51,4081900
2023-10-06,70.41,73.62,70.16,73.27,73.27,3095400
2023-10-10,73.02,75.5,72.86,74.8,74.8,2337100
2023-10-11,75.37,75.55,73.11,73.72,73.72,4183600
2023-10-12,73.99,75.09,72.5,73.04,73.04,2533000
2023-10-13,73.05,74.05,69.23,70.43,70.43,3432000
2023-10-16,70.76,72.95,69.62,72.53,72.53,2637000
2023-10-17,71.74,74.22,71.74,73.9,73.9,3080700
2023-10-18,74.44,76.73,71.905,72.41,72.41,5530100
2023-10-19,73.0,73.16,70.74,71.1,71.1,4329500
2023-10-20,70.51,71.73,69.3,70.1,70.1,3877600
2023-10-23,69.42,71.06,68.19,69.86,69.86,3275100
2023-10-24,70.55,72.58,70.29,71.87,71.87,2289600
2023-10-25,70.3,70.4,66.73,66.9,66.9,3745700
2023-10-26,67.34,68.18,63.37,64.53,64.53,4559800
2023-10-27,66.63,66.63,63.84,64.35,64.35,3583400
2023-10-30,65.27,66.16,64.09,64.86,64.86,3481600
2023-10-31,64.73,66.02,63.16,65.49,65.49,3668700
2023-11-01,65.81,67.69,65.45,67.66,67.66,3115400
2023-11-02,78.35,82.71,76.5,82.08,82.08,6460300
2023-11-03,82.0,84.465,80.65,84.06,84.06,5931900
2023-11-06,84.17,84.4,81.67,82.79,82.79,3099600
2023-11-07,83.33,85.71,82.67,84.95,84.95,3232800
2023-11-08,85.12,87.04,83.77,86.59,86.59,3077200
2023-11-09,86.24,87.15,83.37,83.43,83.43,3397700
2023-11-10,83.3,85.08,82.84,84.67,84.67,3288700
2023-11-13,84.62,86.13,83.25,86.06,86.06,2184900
2023-11-14,88.21,90.56,88.08,89.77,89.77,4669900
2023-11-15,90.15,93.39,90.0,92.85,92.85,4011300
2023-11-16,92.0,93.73,91.63,92.69,92.69,3458700
2023-11-17,92.28,94.49,91.87,93.87,93.87,2761500
2023-11-20,93.49,96.21,93.28,95.45,95.45,2496800
2023-11-21,94.63,95.75,93.36,95.54,95.54,2972900
2023-11-22,96.4,98.26,95.11,97.13,97.13,3801000
2023-11-23,97.44,97.97,96.7,96.7,96.7,397100
2023-11-24,96.11,96.89,95.61,96.26,96.26,2160900
2023-11-27,98.1,101.45,97.0,100.51,100.51,3976200
2023-11-28,98.5,100.8,98.2,99.83,99.83,2922000
2023-11-29,100.99,101.91,99.26,99.72,99.72,3018500
2023-11-30,99.84,100.38,97.87,98.85,98.85,3741000
2023-12-01,98.0,99.85,96.99,99.72,99.72,2751600
2023-12-04,98.8,99.7,96.68,98.2,98.2,3287800
2023-12-05,97.5,102.5,96.64,101.58,101.58,4168000
2023-12-06,100.11,100.6,96.59,96.71,96.71,4511000
2023-12-07,96.39,98.32,95.04,97.79,97.79,2969300
2023-12-08,96.98,99.195,96.87,98.59,98.59,1892600
2023-12-11,98.19,99.9,97.9,98.88,98.88,2027600
2023-12-12,97.91,98.7,96.75,98.54,98.54,2836400
2023-12-13,98.35,100.0,96.67,99.73,99.73,3848800
2023-12-14,101.0,104.08,100.56,103.92,103.92,3595800
2023-12-15,104.0,104.34,102.25,103.03,103.03,14037100
2023-12-18,101.0,103.64,101.0,103.3,103.3,4404200
2023-12-19,103.13,106.68,103.1,104.5,104.5,4287600
2023-12-20,104.05,104.92,100.36,100.79,100.79,4864900
2023-12-21,102.03,102.96,100.43,101.13,101.13,3242300
2023-12-22,101.43,102.38,101.0,101.87,101.87,3753600
2023-12-27,103.0,103.82,101.92,103.48,103.48,2086300
2023-12-28,103.3,104.73,102.28,104.63,104.63,1360500
2023-12-29,104.66,105.6,102.01,103.16,103.16,1869900
2024-01-02,101.97,102.11,97.17,98.39,98.39,3820000
2024-01-03,96.36,97.48,95.12,95.92,95.92,2299100
2024-01-04,95.67,98.87,94.32,98.11,98.11,2419200
2024-01-05,97.78,101.01,97.78,99.58,99.58,3417000
2024-01-08,100.16,104.0,100.12,103.76,103.76,2261700
2024-01-09,103.24,107.51,102.93,107.29,107.29,2829600
2024-01-10,107.97,108.8,106.27,108.46,108.46,1829100
2024-01-11,108.5,110.55,106.35,108.9,108.9,1982000
2024-01-12,108.32,111.04,107.94,109.13,109.13,2168900
2024-01-15,108.99,109.89,107.7,109.18,109.18,440900
2024-01-16,108.25,110.7,107.4,109.79,109.79,2903200
2024-01-17,108.12,108.7,104.91,108.5,108.5,3201500
2024-01-18,108.01,109.36,104.35,104.61,104.61,2799600
2024-01-19,104.61,107.7,102.94,107.5,107.5,2305100
2024-01-22,108.78,111.19,107.33,108.26,108.26,2314700
2024-01-23,108.32,109.96,107.22,109.31,109.31,1639500
2024-01-24,110.5,111.98,109.09,109.25,109.25,2246000
2024-01-25,109.65,110.21,106.87,108.49,108.49,1812600
2024-01-26,108.01,111.25,108.0,109.68,109.68,2026800
2024-01-29,109.7,112.06,109.61,112.03,112.03,2701100
2024-01-30,111.37,111.69,109.77,110.33,110.33,2123100
2024-01-31,108.91,109.99,107.48,107.63,107.63,3113300
2024-02-01,106.78,106.86,101.5,102.7,102.7,3973200
2024-02-02,108.79,111.74,106.86,111.61,111.61,3617100
2024-02-05,110.95,111.71,108.38,110.19,110.19,2665800
2024-02-06,110.14,110.86,107.7,109.97,109.97,2654900
2024-02-07,110.57,115.05,110.2,114.69,114.69,2713400
2024-02-08,114.75,123.18,114.48,118.23,118.23,2680100
2024-02-09,120.94,122.72,119.59,122.11,122.11,2327200
2024-02-12,123.0,123.2,119.68,119.89,119.89,3959800
2024-02-13,105.6,113.23,104.47,104.85,104.85,5436700
2024-02-14,106.76,109.3,105.07,109.27,109.27,3819700
2024-02-15,108.1,113.17,107.55,113.03,113.03,4067800
2024-02-16,111.08,112.86,108.4,109.62,109.62,2883000
2024-02-20,107.95,108.85,105.16,106.3,106.3,4104500
2024-02-21,104.11,105.59,100.88,102.08,102.08,3096300
2024-02-22,105.59,106.4,101.02,101.18,101.18,2099700
2024-02-23,101.2,103.67,99.6,102.93,102.93,3760600
2024-02-26,103.08,105.75,103.07,104.78,104.78,2082400
2024-02-27,104.58,104.95,102.66,103.67,103.67,2126300
2024-02-28,102.5,103.38,101.39,102.59,102.59,2139800
2024-02-29,103.55,104.45,101.84,103.69,103.69,4140600
2024-03-01,105.0,106.9,103.8,103.87,103.87,3850900
2024-03-04,103.64,103.8,100.45,102.86,102.86,1638000
2024-03-05,101.45,101.75,98.6,99.87,99.87,2209900
2024-03-06,100.58,101.54,98.7,100.07,100.07,1645500
2024-03-07,100.26,102.2,98.8,101.4,101.4,1914900
2024-03-08,102.39,106.99,102.36,102.8,102.8,2179900
2024-03-11,101.5,102.92,100.52,101.08,101.08,1261300
2024-03-12,102.54,103.51,100.84,103.02,103.02,1986800
2024-03-13,102.66,106.95,102.66,105.97,105.97,2124200
2024-03-14,105.9,107.6,104.66,106.07,106.07,2465300
2024-03-15,105.63,106.9,103.86,104.48,104.48,10624500
2024-03-18,105.5,105.69,103.3,104.93,104.93,1966800
2024-03-19,104.21,106.4,102.51,105.19,105.19,2431200
2024-03-20,105.39,110.09,105.04,109.69,109.69,2675700
2024-03-21,110.28,112.58,107.68,107.68,107.68,2273300
2024-03-22,107.2,109.07,106.64,107.13,107.13,1398200
2024-03-25,106.42,108.07,105.63,106.48,106.48,1683300
2024-03-26,107.0,108.27,105.47,106.54,106.54,2433100
2024-03-27,107.9,108.0,105.275,106.7,106.7,2185300
2024-03-28,106.77,107.38,104.27,104.5,104.5,1546600
2024-04-01,104.91,106.72,103.58,106.15,106.15,1508400
2024-04-02,104.02,106.64,103.135,106.01,106.01,1829200
2024-04-03,106.04,107.56,101.71,102.37,102.37,2587000
2024-04-04,102.5,104.03,100.96,101.37,101.37,1722300
2024-04-05,101.56,103.2,100.65,102.29,102.29,1374400
2024-04-08,101.82,102.4,99.55,101.0,101.0,1387900
2024-04-09,100.82,101.81,99.95,101.65,101.65,2144300
2024-04-10,99.58,99.85,98.04,98.46,98.46,2829700
2024-04-11,98.47,98.81,96.66,97.89,97.89,2111200
2024-04-12,97.37,97.87,95.38,96.43,96.43,1680600
2024-04-15,96.21,96.73,94.29,94.51,94.51,3505300
2024-04-16,94.45,95.86,94.03,94.92,94.92,2922500
2024-04-17,95.77,97.95,95.2,95.62,95.62,3445300
2024-04-18,95.24,97.57,93.85,95.79,95.79,3008300
2024-04-19,98.0,98.5,94.65,95.82,95.82,2272100
2024-04-22,96.36,97.55,95.25,96.65,96.65,2116600
2024-04-23,97.5,101.88,97.5,101.1,101.1,2495500
2024-04-24,101.81,102.44,98.35,99.01,99.01,1793400
2024-04-25,96.77,97.7,95.49,96.33,96.33,2440900
2024-04-26,97.36,98.18,96.7,97.47,97.47,1349600
2024-04-29,100.78,101.08,97.52,99.03,99.03,2148800
2024-04-30,99.0,102.4,96.63,96.65,96.65,3455800
2024-05-01,96.66,98.81,94.8,96.85,96.85,2636900
2024-05-02,99.75,99.88,96.4,98.49,98.49,2196400
2024-05-03,100.49,102.26,100.03,101.86,101.86,2927100
2024-05-06,102.5,106.16,101.66,105.68,105.68,4153400
2024-05-07,104.81,106.5,104.32,105.75,105.75,3191600
2024-05-08,88.5,88.5,83.33,86.16,86.16,6133900
2024-05-09,86.97,87.5,84.4,85.39,85.39,3075400
2024-05-10,85.46,85.49,80.21,80.58,80.58,6142900
2024-05-13,80.6,81.25,79.69,80.3,80.3,3915100
2024-05-14,79.66,80.07,77.65,79.19,79.19,2663100
2024-05-15,80.57,81.27,79.6,79.98,79.98,2380200
2024-05-16,79.74,80.36,78.7,78.73,78.73,1858700
2024-05-17,78.69,79.71,77.76,79.63,79.63,2334200
2024-05-21,79.76,80.0,77.83,77.85,77.85,1951100
2024-05-22,80.47,82.12,79.73,80.41,80.41,2107200
2024-05-23,80.16,80.74,78.97,79.19,79.19,3002700
2024-05-24,78.2,79.49,77.76,77.87,77.87,2015400
2024-05-27,78.0,78.4,77.75,78.16,78.16,504000
2024-05-28,77.87,79.43,76.74,79.41,79.41,2530800
2024-05-29,78.53,80.29,78.38,80.04,80.04,3757200
2024-05-30,80.0,80.38,79.2,80.09,80.09,2807200
2024-05-31,80.23,80.68,78.82,80.66,80.66,4026300
2024-06-03,80.76,81.64,79.67,81.39,81.39,1630100
2024-06-04,81.2,82.98,81.04,82.97,82.97,2591300
2024-06-05,83.62,84.45,82.63,83.84,83.84,2286000
2024-06-06,82.34,84.04,82.34,84.01,84.01,1588900
2024-06-07,83.88,85.17,83.3,84.74,84.74,1927900
2024-06-10,84.51,87.7,84.4,86.82,86.82,2247800
2024-06-11,87.94,89.07,87.19,87.82,87.82,2234400
2024-06-12,88.26,91.0,87.95,89.89,89.89,3030700
2024-06-13,89.91,90.31,88.26,88.89,88.89,1616500
2024-06-14,90.76,93.68,90.13,92.94,92.94,2550300
2024-06-17,92.51,92.57,89.05,91.33,91.33,1870700
2024-06-18,90.5,90.79,87.8,88.14,88.14,3313400
2024-06-19,88.0,88.34,87.7,88.31,88.31,1547000
2024-06-20,88.23,88.78,86.51,87.42,87.42,1521900
2024-06-21,87.58,89.31,86.88,89.06,89.06,12409900
2024-06-24,89.55,89.92,86.61,87.82,87.82,3911200
2024-06-25,88.23,89.44,87.48,88.47,88.47,3178400
2024-06-26,89.26,89.78,88.29,89.67,89.67,1845800
2024-06-27,89.31,91.48,89.24,90.94,90.94,2230900
2024-06-28,91.12,91.96,89.65,90.41,90.41,2657600
2024-07-02,88.9,90.4,88.22,90.33,90.33,1701300
2024-07-03,90.63,91.87,90.52,91.84,91.84,1466400
2024-07-04,92.16,92.16,91.06,91.37,91.37,363200
2024-07-05,91.24,92.75,90.56,92.19,92.19,2103900
2024-07-08,92.13,92.39,91.32,91.91,91.91,1051500
2024-07-09,91.54,92.07,89.66,90.13,90.13,1371200
2024-07-10,90.41,90.42,88.03,89.35,89.35,2103600
2024-07-11,89.32,89.98,88.24,89.08,89.08,3751300
2024-07-12,89.89,89.94,88.11,88.5,88.5,4522200
2024-07-15,89.0,89.09,87.44,87.82,87.82,2197200
2024-07-16,92.3,95.76,91.23,95.32,95.32,3247500
2024-07-17,92.93,93.51,87.18,88.71,88.71,3645100
2024-07-18,90.15,90.37,86.04,86.56,86.56,3954000
2024-07-19,86.0,88.07,85.78,86.76,86.76,2956200
2024-07-22,87.5,87.75,84.57,86.26,86.26,2385700
2024-07-23,86.62,87.57,86.34,86.37,86.37,1393700
2024-07-24,85.58,86.15,81.74,81.87,81.87,2109400
2024-07-25,81.95,84.14,80.26,82.2,82.2,1680600
2024-07-26,84.6,84.925,82.73,82.93,82.93,1375000
2024-07-29,83.27,83.86,82.38,82.94,82.94,1793700
2024-07-30,82.95,84.51,81.61,82.0,82.0,1734300
2024-07-31,83.37,85.34,83.07,84.56,84.56,2732700
2024-08-01,85.16,85.58,79.52,80.64,80.64,4452400
2024-08-02,76.0,76.4,72.81,75.41,75.41,6073900
2024-08-06,73.23,75.5,72.36,74.56,74.56,5739200
2024-08-07,88.26,93.01,87.42,87.87,87.87,8458000
2024-08-08,88.57,94.45,88.01,94.15,94.15,4876200
2024-08-09,93.46,95.18,92.63,95.13,95.13,1860200
2024-08-12,94.97,97.11,93.5,93.9,93.9,3594500
2024-08-13,94.51,96.07,94.31,95.84,95.84,2008500
2024-08-14,96.27,98.38,95.86,98.22,98.22,2188700
2024-08-15,100.33,102.81,100.33,102.78,102.78,3392800
2024-08-16,102.05,103.33,101.69,102.04,102.04,1253100
2024-08-19,101.98,102.52,101.0,102.47,102.47,1659400
2024-08-20,102.2,103.12,101.1,101.99,101.99,1413800
2024-08-21,101.95,103.6,101.88,103.54,103.54,2547400
2024-08-22,103.01,103.69,101.05,101.17,101.17,1421300
2024-08-23,101.9,103.23,101.4,102.9,102.9,3507400
2024-08-26,102.4,103.59,101.03,101.1,101.1,2412300
2024-08-27,100.26,100.69,98.17,100.21,100.21,1502100
2024-08-28,100.07,100.08,96.74,97.76,97.76,2974500
2024-08-29,98.34,100.1,98.29,98.89,98.89,2238300
2024-08-30,99.3,100.21,98.69,99.81,99.81,2291000
2024-09-03,99.03,99.11,95.98,96.58,96.58,2291900
2024-09-04,96.06,96.96,94.1,94.9,94.9,1417600
2024-09-05,94.32,95.86,93.75,94.74,94.74,1378500
2024-09-06,95.0,95.31,89.4,90.89,90.89,2312000
2024-09-09,93.01,94.27,91.13,92.4,92.4,1360800
2024-09-10,93.29,93.5,91.14,92.77,92.77,2756600
2024-09-11,93.19,97.35,92.74,97.07,97.07,2269800
2024-09-12,96.0,97.75,94.66,96.84,96.84,2810000
2024-09-13,97.44,99.7,97.44,98.44,98.44,1547600
2024-09-16,98.16,100.15,97.17,99.98,99.98,2332500
2024-09-17,102.75,103.05,100.2,101.27,101.27,2450100
2024-09-18,101.25,104.32,101.25,102.5,102.5,2357600
2024-09-19,105.0,107.59,104.11,106.74,106.74,4844200
2024-09-20,106.59,107.81,105.02,106.76,106.76,8426000
2024-09-23,107.0,109.0,106.71,108.23,108.23,1711500
2024-09-24,108.85,109.31,106.33,107.96,107.96,3377900
2024-09-25,107.73,108.74,106.53,106.89,106.89,1407300
2024-09-26,108.5,109.23,106.08,108.84,108.84,3437800
2024-09-27,108.9,109.34,107.06,107.11,107.11,1687600
2024-09-30,106.31,108.54,106.01,108.35,108.35,2246500
2024-10-01,108.01,108.45,105.01,105.98,105.98,2157400
2024-10-02,105.73,107.07,105.175,106.83,106.83,1365900
2024-10-03,106.19,107.31,105.28,105.98,105.98,2480500
2024-10-04,108.33,112.17,107.95,111.91,111.91,3274600
2024-10-07,111.26,111.64,109.45,110.19,110.19,3953500
2024-10-08,110.67,113.57,110.67,112.76,112.76,4256800
2024-10-09,113.02,115.1,113.02,114.4,114.4,2649700
2024-10-10,113.51,115.04,113.3,113.81,113.81,1524600
2024-10-11,113.0,115.93,112.6,114.59,114.59,2009600
2024-10-15,115.33,115.69,111.15,112.98,112.98,2059800
2024-10-16,112.98,113.23,110.69,112.52,112.52,1867600
2024-10-17,114.0,114.66,111.87,112.65,112.65,1265900
2024-10-18,113.5,114.46,113.22,114.2,114.2,1870400
2024-10-21,113.4,115.09,112.57,114.35,114.35,1213000
2024-10-22,112.91,114.13,112.14,112.79,112.79,1321100
2024-10-23,112.41,113.35,109.6,110.18,110.18,1293800
2024-10-24,110.6,111.22,109.27,110.57,110.57,1821800
2024-10-25,110.63,112.2,109.45,109.84,109.84,1628400
2024-10-28,110.44,111.33,110.18,110.97,110.97,3697400
2024-10-29,110.39,112.41,110.15,112.05,112.05,1754100
2024-10-30,111.44,112.03,110.39,111.25,111.25,1791500
2024-10-31,110.55,111.79,107.53,108.92,108.92,3506300
2024-11-01,110.0,111.23,108.54,110.26,110.26,1859700
2024-11-04,109.76,109.98,108.0,109.06,109.06,2879400
2024-11-05,108.87,110.78,108.5,110.14,110.14,1073400
2024-11-06,113.99,114.45,111.7,114.22,114.22,1960800
2024-11-07,114.61,118.88,114.31,118.68,118.68,1715900
2024-11-08,118.9,121.4,118.54,121.25,121.25,2519700
2024-11-11,124.0,128.26,123.73,125.37,125.37,3503200
2024-11-12,149.5,159.55,147.26,152.26,152.26,6324600
2024-11-13,149.6,161.86,148.36,161.2,161.2,3756200
2024-11-14,160.8,161.1,152.86,153.43,153.43,2629600
2024-11-15,150.5,153.36,148.4,152.87,152.87,1907800
2024-11-18,153.2,153.58,148.39,148.49,148.49,1902000
2024-11-19,145.72,147.18,144.28,145.99,145.99,2288800
2024-11-20,146.71,146.92,143.76,145.34,145.34,1412200
2024-11-21,144.81,150.87,144.03,148.81,148.81,2130600
2024-11-22,149.6,150.02,147.29,149.48,149.48,1493500
2024-11-25,152.0,157.17,151.86,155.26,155.26,3671200
2024-11-26,153.75,160.34,153.75,157.67,157.67,4179700
2024-11-27,156.5,158.18,155.76,157.8,157.8,1741400
2024-11-28,157.71,158.86,157.56,158.27,158.27,386400
2024-11-29,158.34,162.99,157.9,161.84,161.84,2661900
2024-12-02,162.11,162.95,156.45,158.67,158.67,3984100
2024-12-03,158.15,159.6,156.23,157.47,157.47,2639800
2024-12-04,158.83,162.83,157.88,159.63,159.63,2678700
2024-12-05,159.21,161.91,158.49,160.08,160.08,2195500
2024-12-06,164.57,170.75,164.14,167.55,167.55,1866100
2024-12-09,167.5,167.705,161.06,163.42,163.42,1856700
2024-12-10,162.4,165.38,159.68,160.81,160.81,2764800
2024-12-11,164.02,166.93,161.55,166.31,166.31,1783500
2024-12-12,165.01,167.8,163.65,164.17,164.17,1846200
2024-12-13,164.52,165.68,161.56,163.22,163.22,1426400
2024-12-16,164.89,166.55,163.42,165.32,165.32,1410000
2024-12-17,164.23,171.54,164.16,170.88,170.88,1801500
2024-12-18,169.58,171.84,158.12,158.36,158.36,2803100
2024-12-19,159.8,159.84,151.86,154.09,154.09,2559400
2024-12-20,152.16,157.85,150.37,156.72,156.72,6192700
2024-12-23,156.15,158.48,155.1,157.05,157.05,1907900
2024-12-24,159.5,159.5,156.09,159.5,159.5,455400
2024-12-27,157.35,158.1,153.66,156.03,156.03,1569600
2024-12-30,151.84,153.97,150.81,153.2,153.2,1366000
2024-12-31,153.76,154.55,151.69,152.99,152.99,1031200
2025-01-02,155.33,156.32,151.39,154.91,154.91,1396400
2025-01-03,156.15,158.17,155.4,157.87,157.87,1381400
2025-01-06,161.0,163.84,159.84,163.67,163.67,1543200
2025-01-07,164.74,165.01,152.38,153.36,153.36,2009200
2025-01-08,153.88,154.98,151.2,154.88,154.88,2044700
2025-01-09,154.85,156.1,153.99,155.45,155.45,308000
2025-01-10,150.38,150.5,143.8,149.72,149.72,2491200
2025-01-13,145.0,146.93,142.77,146.47,146.47,2244400
2025-01-14,148.22,148.85,144.8,145.82,145.82,1847000
2025-01-15,149.47,150.18,147.5,149.42,149.42,1418700
2025-01-16,150.01,151.91,148.47,149.01,149.01,1315100
2025-01-17,152.45,152.8,149.05,149.55,149.55,2739500
2025-01-20,149.5,150.47,148.48,149.52,149.52,427500
2025-01-21,149.94,153.15,149.65,152.43,152.43,1701700
2025-01-22,154.0,154.77,151.9,153.03,153.03,1525100
2025-01-23,152.99,153.08,151.07,152.66,152.66,1230500
2025-01-24,152.6,156.7,152.35,154.47,154.47,1613000
2025-01-27,150.0,155.85,147.57,154.35,154.35,1179500
2025-01-28,157.66,169.68,157.11,169.2,169.2,2338300
2025-01-29,169.02,170.84,165.74,168.46,168.46,1564400
2025-01-30,167.46,172.96,167.0,172.56,172.56,2012400
2025-01-31,173.65,176.99,169.14,169.61,169.61,2475400
2025-02-03,161.0,168.69,160.55,166.57,166.57,2982000
2025-02-04,167.19,172.62,167.1,170.73,170.73,1595400
2025-02-05,170.11,174.56,169.28,174.38,174.38,2003000
2025-02-06,175.0,176.08,167.33,169.97,169.97,1678600
2025-02-07,169.48,171.0,166.44,167.67,167.67,1342000
2025-02-10,174.0,176.75,170.5,171.55,171.55,2274400
2025-02-11,174.66,179.85,164.37,176.57,176.57,3695100
2025-02-12,170.5,174.99,167.22,172.08,172.08,2425400
2025-02-13,173.01,182.06,171.72,181.02,181.02,2498900
2025-02-14,179.19,182.15,175.45,181.92,181.92,1739400
2025-02-18,182.71,183.53,176.2,183.45,183.45,1889600
2025-02-19,183.29,183.29,176.75,181.67,181.67,2404700
2025-02-20,180.0,180.08,171.5,174.97,174.97,2426500
2025-02-21,177.51,177.88,164.08,164.48,164.48,2085900
2025-02-24,164.45,166.36,156.45,164.63,164.63,1909000
2025-02-25,161.33,164.04,152.86,158.78,158.78,2127900
2025-02-26,160.0,164.63,159.05,162.54,162.54,1659000
2025-02-27,165.09,166.67,159.06,160.07,160.07,1507700
2025-02-28,157.13,162.2,155.3,162.04,162.04,2759700
2025-03-03,162.54,165.7,152.42,154.55,154.55,2688600
2025-03-04,149.36,150.81,142.06,147.24,147.24,3093500
2025-03-05,147.38,152.91,145.88,152.17,152.17,2842500
2025-03-06,149.0,156.3,145.12,146.64,146.64,2985300
2025-03-07,144.71,148.49,137.55,143.85,143.85,3572200
2025-03-10,138.64,138.64,132.54,133.93,133.93,3357000
2025-03-11,133.52,137.17,132.19,133.96,133.96,2523400
2025-03-12,139.25,142.78,137.27,138.84,138.84,3282900
2025-03-13,136.32,137.43,128.24,130.72,130.72,2946400
2025-03-14,136.0,137.88,134.0,136.33,136.33,1808600
2025-03-17,136.18,140.86,135.54,138.02,138.02,2035100
2025-03-18,136.8,137.08,133.01,134.38,134.38,1640400
2025-03-19,142.0,147.68,139.74,145.51,145.51,2788200
2025-03-20,141.89,149.47,141.83,145.7,145.7,2018900
2025-03-21,143.65,149.8,142.54,149.55,149.55,6607700
2025-03-24,153.22,158.33,153.12,156.55,156.55,1973700
2025-03-25,156.77,158.4,155.61,156.83,156.83,1677200
2025-03-26,156.15,156.15,147.31,148.76,148.76,1608200
2025-03-27,146.23,148.34,142.91,146.62,146.62,1432200
2025-03-28,141.95,143.31,137.3,138.25,138.25,2201400
2025-03-31,133.0,138.09,128.44,136.9,136.9,3253600
2025-04-01,137.7,142.47,135.36,139.72,139.72,2212300
2025-04-02,136.41,145.17,135.69,144.18,144.18,2185600
2025-04-03,125.73,125.73,114.49,115.88,115.88,4808500
2025-04-04,110.0,111.2,99.32,109.42,109.42,4698700
2025-04-07,100.8,118.1,99.8,112.31,112.31,3641400
2025-04-08,119.33,122.25,107.26,109.84,109.84,5175100
2025-04-09,106.51,132.72,106.08,129.09,129.09,5162500
2025-04-10,122.51,122.85,114.1,118.26,118.26,4004300
2025-04-11,117.68,118.33,108.56,116.39,116.39,3445900
2025-04-14,120.86,122.39,113.86,114.85,114.85,2581200
2025-04-15,115.07,117.89,113.84,117.37,117.37,2599600
2025-04-16,113.73,118.45,112.84,116.58,116.58,2677800
2025-04-17,116.51,117.77,113.51,116.03,116.03,2444400
2025-04-21,113.64,114.68,111.06,112.92,112.92,1401800
2025-04-22,115.0,119.56,113.0,118.48,118.48,2245600
2025-04-23,126.1,132.0,124.95,126.29,126.29,2552900
2025-04-24,125.5,132.0,123.94,131.77,131.77,1686000
2025-04-25,133.02,136.69,132.5,134.67,134.67,1743000
2025-04-28,134.69,137.02,133.75,136.18,136.18,1160600
2025-04-29,136.31,138.09,135.46,136.86,136.86,1398200
2025-04-30,133.16,133.16,127.82,131.12,131.12,3194200
2025-05-01,135.58,136.55,131.89,134.33,134.33,1381900
2025-05-02,135.7,138.47,134.65,137.01,137.01,2008800
2025-05-05,132.12,137.36,131.68,135.85,135.85,1253200
2025-05-06,134.29,134.33,128.88,129.24,129.24,1992100
2025-05-07,130.58,133.2,129.91,131.29,131.29,2657000
2025-05-08,124.53,133.39,122.4,130.88,130.88,3856300
2025-05-09,132.26,132.26,123.85,127.98,127.98,2014400
2025-05-12,144.2,147.67,138.48,146.0,146.0,3705600
2025-05-13,148.56,152.06,148.55,150.11,150.11,2308400
2025-05-14,151.43,156.34,151.0,155.83,155.83,2587900
2025-05-15,154.0,156.4,151.77,153.93,153.93,1932000
2025-05-16,155.79,156.99,153.67,154.91,154.91,2736300
2025-05-20,151.59,152.0,145.78,148.03,148.03,1915300
2025-05-21,146.0,146.43,140.66,141.82,141.82,2396500
2025-05-22,142.53,145.22,141.32,143.19,143.19,1791000
2025-05-23,139.43,142.0,138.61,139.51,139.51,1773100
2025-05-26,142.13,144.83,141.65,143.34,143.34,885800
2025-05-27,144.19,147.99,143.08,147.51,147.51,1649500
2025-05-28,147.76,149.58,145.98,148.28,148.28,1919900
2025-05-29,151.49,152.51,147.88,148.61,148.61,1732100
2025-05-30,148.55,148.55,142.88,146.64,146.64,3635800
2025-06-02,145.86,147.17,142.14,145.93,145.93,1152000
2025-06-03,144.3,146.12,143.1,144.14,144.14,1208400
2025-06-04,144.65,144.81,140.6,141.71,141.71,1573400
2025-06-05,142.0,145.55,140.7,143.53,143.53,1550200
2025-06-06,146.2,153.42,146.01,152.58,152.58,2015000
2025-06-09,151.55,151.95,147.5,147.55,147.55,2374700
2025-06-10,148.43,151.4,147.02,150.79,150.79,1629000
2025-06-11,152.0,160.25,152.0,156.0,156.0,2021000
2025-06-12,154.3,154.78,148.13,148.56,148.56,1702200
2025-06-13,144.1,145.53,142.37,143.18,143.18,1566700
2025-06-16,146.5,148.36,145.0,147.07,147.07,1549900
2025-06-17,146.56,147.48,144.79,145.38,145.38,1234200
2025-06-18,146.08,147.35,144.3,145.27,145.27,1727300
2025-06-19,144.55,144.57,143.25,143.7,143.7,459200
2025-06-20,147.28,149.52,145.15,146.23,146.23,3550327
